[
{
  "model": "auth.user",
  "fields": {
    "password": "pbkdf2_sha256$600000$GzHZGMReutcOBzLcANE2Hm$rWkWNDl03swi/c37S8KzqM3zucIJQuFONJLu/5TTfSk=",
    "last_login": null,
    "is_superuser": false,
    "username": "lucia",
    "first_name": "",
    "last_name": "",
    "email": "lucia@afinia.local",
    "is_staff": false,
    "is_active": true,
    "date_joined": "2026-06-06T17:10:06.929Z",
    "groups": [],
    "user_permissions": []
  }
},
{
  "model": "auth.user",
  "fields": {
    "password": "pbkdf2_sha256$600000$I249Ff2kFMpkBx65rT1XO3$0ViZ5u8sgg5yfMmE4rth/cjwos3NnT9VwdDtsalTSrY=",
    "last_login": "2026-06-23T05:26:17.960Z",
    "is_superuser": false,
    "username": "elme79",
    "first_name": "",
    "last_name": "",
    "email": "elme79@gmail.com",
    "is_staff": false,
    "is_active": true,
    "date_joined": "2026-06-06T17:29:15.130Z",
    "groups": [],
    "user_permissions": []
  }
},
{
  "model": "auth.user",
  "fields": {
    "password": "pbkdf2_sha256$600000$CZSqB42V8kKMKoHQdszkjb$ZBDMR9xVthTs2wO1gATcH/NNQm6yM89hoNAmkJ5wD+4=",
    "last_login": "2026-06-23T08:03:12.959Z",
    "is_superuser": false,
    "username": "cristiandg79",
    "first_name": "",
    "last_name": "",
    "email": "cristiandg79@gmail.com",
    "is_staff": false,
    "is_active": true,
    "date_joined": "2026-06-13T19:17:53.285Z",
    "groups": [],
    "user_permissions": []
  }
},
{
  "model": "auth.user",
  "fields": {
    "password": "pbkdf2_sha256$600000$As1XvvhP65wPWQJULL7ClO$Q76UNXZEoAs+YHkYeq1je1vCwwdIn+egm7UTNxZdIU4=",
    "last_login": "2026-06-18T18:49:48.620Z",
    "is_superuser": false,
    "username": "thetomatopower79",
    "first_name": "",
    "last_name": "",
    "email": "cristiandg79@gmail.com",
    "is_staff": false,
    "is_active": true,
    "date_joined": "2026-06-16T18:04:12.292Z",
    "groups": [],
    "user_permissions": []
  }
},
{
  "model": "auth.user",
  "fields": {
    "password": "pbkdf2_sha256$600000$9bNsvMzJXPZri3M74BLkxG$7e1n6uL/DnKrIYYE9TRAUVEyQN1teDMQQW4HXQnp/BM=",
    "last_login": "2026-06-23T01:02:30.504Z",
    "is_superuser": false,
    "username": "RWG",
    "first_name": "",
    "last_name": "",
    "email": "rockwarriorgames@gmail.com",
    "is_staff": false,
    "is_active": true,
    "date_joined": "2026-06-18T13:18:57.774Z",
    "groups": [],
    "user_permissions": []
  }
},
{
  "model": "auth.user",
  "fields": {
    "password": "pbkdf2_sha256$600000$GedS8zpSJZYTEULRfhpEfm$OsOFuAfvNcgQawrs3yS3puT9T17mDAgNH3RyYk6ZRh0=",
    "last_login": null,
    "is_superuser": false,
    "username": "lucia_soler_01",
    "first_name": "Lucia",
    "last_name": "Soler",
    "email": "lucia_soler_01@demo.afinia.local",
    "is_staff": false,
    "is_active": true,
    "date_joined": "2026-06-23T04:44:17.346Z",
    "groups": [],
    "user_permissions": []
  }
},
{
  "model": "auth.user",
  "fields": {
    "password": "pbkdf2_sha256$600000$tHWbcFXHxQxC3s8OO0lrbV$aum1nbUPKIdg8MBx0TLrQJL5T47OJp0e6qT+NMkvZgU=",
    "last_login": null,
    "is_superuser": false,
    "username": "clara_molina_02",
    "first_name": "Clara",
    "last_name": "Molina",
    "email": "clara_molina_02@demo.afinia.local",
    "is_staff": false,
    "is_active": true,
    "date_joined": "2026-06-23T04:44:18.713Z",
    "groups": [],
    "user_permissions": []
  }
},
{
  "model": "auth.user",
  "fields": {
    "password": "pbkdf2_sha256$600000$PsfQWN6CL5oB9UocvLeqDb$u3h+j5qqFwDsU9kdlJsghLEqHeY7sdoamA0fRquuEsE=",
    "last_login": null,
    "is_superuser": false,
    "username": "marta_santos_03",
    "first_name": "Marta",
    "last_name": "Santos",
    "email": "marta_santos_03@demo.afinia.local",
    "is_staff": false,
    "is_active": true,
    "date_joined": "2026-06-23T04:44:20.050Z",
    "groups": [],
    "user_permissions": []
  }
},
{
  "model": "auth.user",
  "fields": {
    "password": "pbkdf2_sha256$600000$uUilu2Yvpane1j3nIwHmj8$ka/UNivdelDNX/Pj/1yInyMdrKv8qjMJ0XMwmo02+Kw=",
    "last_login": null,
    "is_superuser": false,
    "username": "nerea_rey_04",
    "first_name": "Nerea",
    "last_name": "Rey",
    "email": "nerea_rey_04@demo.afinia.local",
    "is_staff": false,
    "is_active": true,
    "date_joined": "2026-06-23T04:44:21.363Z",
    "groups": [],
    "user_permissions": []
  }
},
{
  "model": "auth.user",
  "fields": {
    "password": "pbkdf2_sha256$600000$gA8DvKtEUtNijwuQ1p6EUl$ifKmiD51L15Bv83o9n68qwl6pasqcCUk7lexeZp57f8=",
    "last_login": null,
    "is_superuser": false,
    "username": "laura_gil_05",
    "first_name": "Laura",
    "last_name": "Gil",
    "email": "laura_gil_05@demo.afinia.local",
    "is_staff": false,
    "is_active": true,
    "date_joined": "2026-06-23T04:44:22.715Z",
    "groups": [],
    "user_permissions": []
  }
},
{
  "model": "auth.user",
  "fields": {
    "password": "pbkdf2_sha256$600000$j94mH1LvE4DQ9F4RoHsnDw$ZlfNmG/Bl9AlGGHkyJ3ztIMjHUpE7I7t1Jpj8cPEgoc=",
    "last_login": null,
    "is_superuser": false,
    "username": "paula_marin_06",
    "first_name": "Paula",
    "last_name": "Marin",
    "email": "paula_marin_06@demo.afinia.local",
    "is_staff": false,
    "is_active": true,
    "date_joined": "2026-06-23T04:44:24.037Z",
    "groups": [],
    "user_permissions": []
  }
},
{
  "model": "auth.user",
  "fields": {
    "password": "pbkdf2_sha256$600000$yiNBs8XfyblkrfE2CxsdiA$9cSpjKgVwee/e4YH76heFh/bhgIRJ6JM2FspSZ5bvdI=",
    "last_login": null,
    "is_superuser": false,
    "username": "sara_navas_07",
    "first_name": "Sara",
    "last_name": "Navas",
    "email": "sara_navas_07@demo.afinia.local",
    "is_staff": false,
    "is_active": true,
    "date_joined": "2026-06-23T04:44:25.213Z",
    "groups": [],
    "user_permissions": []
  }
},
{
  "model": "auth.user",
  "fields": {
    "password": "pbkdf2_sha256$600000$xdizIairJryP3ovn7YQ3dC$s5GfPTE2xPAHzjtwBRGgFra3ZaMPShLs2AP8m4gQXnY=",
    "last_login": null,
    "is_superuser": false,
    "username": "elena_herrera_08",
    "first_name": "Elena",
    "last_name": "Herrera",
    "email": "elena_herrera_08@demo.afinia.local",
    "is_staff": false,
    "is_active": true,
    "date_joined": "2026-06-23T04:44:26.394Z",
    "groups": [],
    "user_permissions": []
  }
},
{
  "model": "auth.user",
  "fields": {
    "password": "pbkdf2_sha256$600000$Z29J0RGaPlxUTQOmqFVa5t$EXPpgNlwKr3N4AA9TD5E6ayD1bqWTyTV1qckrNJRFeM=",
    "last_login": null,
    "is_superuser": false,
    "username": "irene_lozano_09",
    "first_name": "Irene",
    "last_name": "Lozano",
    "email": "irene_lozano_09@demo.afinia.local",
    "is_staff": false,
    "is_active": true,
    "date_joined": "2026-06-23T04:44:27.553Z",
    "groups": [],
    "user_permissions": []
  }
},
{
  "model": "auth.user",
  "fields": {
    "password": "pbkdf2_sha256$600000$rJtB4v56ZGuPXZtM03hhj3$2dg8OzwH0FAgVvIMBE028NA1mRk4xonfY0hCmiAtCrA=",
    "last_login": null,
    "is_superuser": false,
    "username": "aitana_ortega_10",
    "first_name": "Aitana",
    "last_name": "Ortega",
    "email": "aitana_ortega_10@demo.afinia.local",
    "is_staff": false,
    "is_active": true,
    "date_joined": "2026-06-23T04:44:28.771Z",
    "groups": [],
    "user_permissions": []
  }
},
{
  "model": "auth.user",
  "fields": {
    "password": "pbkdf2_sha256$600000$A2TqqSBCPt3bZv2GD5IuKR$ZyQTl8txMcdSw3BxxzKkmkb7JWfAmxo6g2Z2OF7x168=",
    "last_login": null,
    "is_superuser": false,
    "username": "eva_vidal_11",
    "first_name": "Eva",
    "last_name": "Vidal",
    "email": "eva_vidal_11@demo.afinia.local",
    "is_staff": false,
    "is_active": true,
    "date_joined": "2026-06-23T04:44:29.999Z",
    "groups": [],
    "user_permissions": []
  }
},
{
  "model": "auth.user",
  "fields": {
    "password": "pbkdf2_sha256$600000$9Vvzl29KxfOrcc9l48ey5h$oMsaL6rmPYEeJdBKDDPH+34ZrWV6D8SD9JQRCaT5ens=",
    "last_login": null,
    "is_superuser": false,
    "username": "luna_ruiz_12",
    "first_name": "Luna",
    "last_name": "Ruiz",
    "email": "luna_ruiz_12@demo.afinia.local",
    "is_staff": false,
    "is_active": true,
    "date_joined": "2026-06-23T04:44:31.151Z",
    "groups": [],
    "user_permissions": []
  }
},
{
  "model": "auth.user",
  "fields": {
    "password": "pbkdf2_sha256$600000$JHsG4pivMkL1trAB20gHM5$2j8fYiSV3mI8ZkVXa1gNUwWf92d8mJmT7pBxYPh24Wk=",
    "last_login": null,
    "is_superuser": false,
    "username": "nadia_leon_13",
    "first_name": "Nadia",
    "last_name": "Leon",
    "email": "nadia_leon_13@demo.afinia.local",
    "is_staff": false,
    "is_active": true,
    "date_joined": "2026-06-23T04:44:32.358Z",
    "groups": [],
    "user_permissions": []
  }
},
{
  "model": "auth.user",
  "fields": {
    "password": "pbkdf2_sha256$600000$SisvmTB0JsrCZZo7J0GfA2$AHLlLI1tHVMtDtA+ArMurobtKZjs+hcWg3IFfqhsOTI=",
    "last_login": null,
    "is_superuser": false,
    "username": "vera_fuentes_14",
    "first_name": "Vera",
    "last_name": "Fuentes",
    "email": "vera_fuentes_14@demo.afinia.local",
    "is_staff": false,
    "is_active": true,
    "date_joined": "2026-06-23T04:44:33.502Z",
    "groups": [],
    "user_permissions": []
  }
},
{
  "model": "auth.user",
  "fields": {
    "password": "pbkdf2_sha256$600000$Dx1EUqzhWrafSujWEh4KVB$fgqTjF6YNDweYsHaHYPVBLRitUYwvYpfZkaKBL22Bu4=",
    "last_login": null,
    "is_superuser": false,
    "username": "carmen_prieto_15",
    "first_name": "Carmen",
    "last_name": "Prieto",
    "email": "carmen_prieto_15@demo.afinia.local",
    "is_staff": false,
    "is_active": true,
    "date_joined": "2026-06-23T04:44:34.694Z",
    "groups": [],
    "user_permissions": []
  }
},
{
  "model": "auth.user",
  "fields": {
    "password": "pbkdf2_sha256$600000$8y0GUNQIfbwNrIu0jf5AxU$ahbArQXcclzhR2P3SwQm9/qxuNkutrztA+4RKTKQ0fk=",
    "last_login": null,
    "is_superuser": false,
    "username": "ines_ramos_16",
    "first_name": "Ines",
    "last_name": "Ramos",
    "email": "ines_ramos_16@demo.afinia.local",
    "is_staff": false,
    "is_active": true,
    "date_joined": "2026-06-23T04:44:35.829Z",
    "groups": [],
    "user_permissions": []
  }
},
{
  "model": "auth.user",
  "fields": {
    "password": "pbkdf2_sha256$600000$yBa6P5UXsTAHwDwaOWIUPa$OBDEN+oDKqNjnTry77lVYMuCr+XEBBC+ogu8ZfIU9x4=",
    "last_login": null,
    "is_superuser": false,
    "username": "carlos_iglesias_17",
    "first_name": "Carlos",
    "last_name": "Iglesias",
    "email": "carlos_iglesias_17@demo.afinia.local",
    "is_staff": false,
    "is_active": true,
    "date_joined": "2026-06-23T04:44:37.027Z",
    "groups": [],
    "user_permissions": []
  }
},
{
  "model": "auth.user",
  "fields": {
    "password": "pbkdf2_sha256$600000$TFAvgLgn80N2NXKUUW9R85$zhlOGvro+U172XZ/ztmfIii+UoGMHcOqGQNUwDfOyAQ=",
    "last_login": null,
    "is_superuser": false,
    "username": "dani_cortes_18",
    "first_name": "Dani",
    "last_name": "Cortes",
    "email": "dani_cortes_18@demo.afinia.local",
    "is_staff": false,
    "is_active": true,
    "date_joined": "2026-06-23T04:44:38.151Z",
    "groups": [],
    "user_permissions": []
  }
},
{
  "model": "auth.user",
  "fields": {
    "password": "pbkdf2_sha256$600000$Pm0fODQsE7Tj3ZlaVxSlB2$84UhcIAxYmQN0cH6StkeOK87YegBUVI+21H0kbpWxN0=",
    "last_login": null,
    "is_superuser": false,
    "username": "sergio_bravo_19",
    "first_name": "Sergio",
    "last_name": "Bravo",
    "email": "sergio_bravo_19@demo.afinia.local",
    "is_staff": false,
    "is_active": true,
    "date_joined": "2026-06-23T04:44:39.301Z",
    "groups": [],
    "user_permissions": []
  }
},
{
  "model": "auth.user",
  "fields": {
    "password": "pbkdf2_sha256$600000$NenAs6KxPDIdRLlf1ba0AR$+OGTflZd0SptxA2terRprrcNt5pEAKEYeCo2UOrhYsY=",
    "last_login": null,
    "is_superuser": false,
    "username": "iker_vega_20",
    "first_name": "Iker",
    "last_name": "Vega",
    "email": "iker_vega_20@demo.afinia.local",
    "is_staff": false,
    "is_active": true,
    "date_joined": "2026-06-23T04:44:40.521Z",
    "groups": [],
    "user_permissions": []
  }
},
{
  "model": "auth.user",
  "fields": {
    "password": "pbkdf2_sha256$600000$89RcTNZyrRc6Gr6NpWKwal$iDhwPV7i0U99Rdo2CQs3PLZHYJi7Ebq5ruiJ3eb81GI=",
    "last_login": null,
    "is_superuser": false,
    "username": "hugo_castro_21",
    "first_name": "Hugo",
    "last_name": "Castro",
    "email": "hugo_castro_21@demo.afinia.local",
    "is_staff": false,
    "is_active": true,
    "date_joined": "2026-06-23T04:44:41.734Z",
    "groups": [],
    "user_permissions": []
  }
},
{
  "model": "auth.user",
  "fields": {
    "password": "pbkdf2_sha256$600000$py37eDavHRUqwDtoLf2qR7$t9yUipjze2QTYLNOSwEbyyYmPqdu4MTs3I6eisO/6vQ=",
    "last_login": null,
    "is_superuser": false,
    "username": "mario_campos_22",
    "first_name": "Mario",
    "last_name": "Campos",
    "email": "mario_campos_22@demo.afinia.local",
    "is_staff": false,
    "is_active": true,
    "date_joined": "2026-06-23T04:44:42.873Z",
    "groups": [],
    "user_permissions": []
  }
},
{
  "model": "auth.user",
  "fields": {
    "password": "pbkdf2_sha256$600000$VxAIjmcJ7GJlsJrc1T7PKv$HzlJMrogAgA3qqvyR7EWGXaKSZa4i6HkPz7/3QceTVU=",
    "last_login": null,
    "is_superuser": false,
    "username": "adrian_pardo_23",
    "first_name": "Adrian",
    "last_name": "Pardo",
    "email": "adrian_pardo_23@demo.afinia.local",
    "is_staff": false,
    "is_active": true,
    "date_joined": "2026-06-23T04:44:44.018Z",
    "groups": [],
    "user_permissions": []
  }
},
{
  "model": "auth.user",
  "fields": {
    "password": "pbkdf2_sha256$600000$BC7edSSfNpChVpIgs762VC$ZAboKOTvnxRGcMDYc28PkD4fVBXKNLX3azRffuCrsW4=",
    "last_login": null,
    "is_superuser": false,
    "username": "javi_sanz_24",
    "first_name": "Javi",
    "last_name": "Sanz",
    "email": "javi_sanz_24@demo.afinia.local",
    "is_staff": false,
    "is_active": true,
    "date_joined": "2026-06-23T04:44:45.257Z",
    "groups": [],
    "user_permissions": []
  }
},
{
  "model": "auth.user",
  "fields": {
    "password": "pbkdf2_sha256$600000$MiQs9ulfaCllFREjgmJR40$r6808mITjGxW5ECOEikGXotbdxcCdTx2FNsvw+MVk5g=",
    "last_login": null,
    "is_superuser": false,
    "username": "leo_soler_25",
    "first_name": "Leo",
    "last_name": "Soler",
    "email": "leo_soler_25@demo.afinia.local",
    "is_staff": false,
    "is_active": true,
    "date_joined": "2026-06-23T04:44:46.453Z",
    "groups": [],
    "user_permissions": []
  }
},
{
  "model": "auth.user",
  "fields": {
    "password": "pbkdf2_sha256$600000$PyAuDciKqNkLNj9ZQMfJGZ$vWErqgVIjU86Qxq29IWV/fja8y2fXIyj4m8IOTAvkZU=",
    "last_login": null,
    "is_superuser": false,
    "username": "ruben_molina_26",
    "first_name": "Ruben",
    "last_name": "Molina",
    "email": "ruben_molina_26@demo.afinia.local",
    "is_staff": false,
    "is_active": true,
    "date_joined": "2026-06-23T04:44:47.660Z",
    "groups": [],
    "user_permissions": []
  }
},
{
  "model": "auth.user",
  "fields": {
    "password": "pbkdf2_sha256$600000$idgMvTSguaOpHbbtGnLdJQ$6CufxN2IdOUsS0Fkv0oPqANchypn4k9sHPMZXftbgQE=",
    "last_login": null,
    "is_superuser": false,
    "username": "samuel_santos_27",
    "first_name": "Samuel",
    "last_name": "Santos",
    "email": "samuel_santos_27@demo.afinia.local",
    "is_staff": false,
    "is_active": true,
    "date_joined": "2026-06-23T04:44:48.780Z",
    "groups": [],
    "user_permissions": []
  }
},
{
  "model": "auth.user",
  "fields": {
    "password": "pbkdf2_sha256$600000$h1ffnwhjyTEp16rufWDRGp$X01+OxY+qVDSqI2csCSugLndc7PJqkN8cbYeamS93zs=",
    "last_login": null,
    "is_superuser": false,
    "username": "bruno_rey_28",
    "first_name": "Bruno",
    "last_name": "Rey",
    "email": "bruno_rey_28@demo.afinia.local",
    "is_staff": false,
    "is_active": true,
    "date_joined": "2026-06-23T04:44:49.975Z",
    "groups": [],
    "user_permissions": []
  }
},
{
  "model": "auth.user",
  "fields": {
    "password": "pbkdf2_sha256$600000$0MNygReffpIvqsmHifn6Aj$g5OiDJaFnSMfktDKA3NWjOiGBd6GiY8BjAxATR78RtU=",
    "last_login": null,
    "is_superuser": false,
    "username": "pablo_gil_29",
    "first_name": "Pablo",
    "last_name": "Gil",
    "email": "pablo_gil_29@demo.afinia.local",
    "is_staff": false,
    "is_active": true,
    "date_joined": "2026-06-23T04:44:51.188Z",
    "groups": [],
    "user_permissions": []
  }
},
{
  "model": "auth.user",
  "fields": {
    "password": "pbkdf2_sha256$600000$EFXn7THFGeIC8i7k0k0vHH$Hdk+r0zqMa14xA8ws8MfdonBYdxZjdZL3BxMMQlriEk=",
    "last_login": null,
    "is_superuser": false,
    "username": "diego_marin_30",
    "first_name": "Diego",
    "last_name": "Marin",
    "email": "diego_marin_30@demo.afinia.local",
    "is_staff": false,
    "is_active": true,
    "date_joined": "2026-06-23T04:44:52.288Z",
    "groups": [],
    "user_permissions": []
  }
},
{
  "model": "auth.user",
  "fields": {
    "password": "pbkdf2_sha256$600000$qbYcT2RhprGakDMHKSfsSx$2OVnMYjFXRlb0heDI6dRwOaID27tsYzoRxEGwkdfvig=",
    "last_login": null,
    "is_superuser": false,
    "username": "marcos_navas_31",
    "first_name": "Marcos",
    "last_name": "Navas",
    "email": "marcos_navas_31@demo.afinia.local",
    "is_staff": false,
    "is_active": true,
    "date_joined": "2026-06-23T04:44:53.529Z",
    "groups": [],
    "user_permissions": []
  }
},
{
  "model": "auth.user",
  "fields": {
    "password": "pbkdf2_sha256$600000$AJWDq3Mj1SVnq0mREEGG2d$tfXVxMaLD4CwEeClPn2kzUX+5an/TKvy2/wxu9uE2C0=",
    "last_login": null,
    "is_superuser": false,
    "username": "mateo_herrera_32",
    "first_name": "Mateo",
    "last_name": "Herrera",
    "email": "mateo_herrera_32@demo.afinia.local",
    "is_staff": false,
    "is_active": true,
    "date_joined": "2026-06-23T04:44:54.689Z",
    "groups": [],
    "user_permissions": []
  }
},
{
  "model": "auth.user",
  "fields": {
    "password": "pbkdf2_sha256$600000$6MaWdGWpspmKtUa4G599gE$D7vbxBk3vlByMMnmoHfOFh/NMU2rtywu3p+h+bMIBXU=",
    "last_login": null,
    "is_superuser": false,
    "username": "lucia_lozano_33",
    "first_name": "Lucia",
    "last_name": "Lozano",
    "email": "lucia_lozano_33@demo.afinia.local",
    "is_staff": false,
    "is_active": true,
    "date_joined": "2026-06-23T04:44:55.893Z",
    "groups": [],
    "user_permissions": []
  }
},
{
  "model": "auth.user",
  "fields": {
    "password": "pbkdf2_sha256$600000$r5k9TGI6V7Qi5x0NaZNEtZ$ufZrYR5KTvh59b0nbOx0KFaNQe2gztABqCNTT9gPqLo=",
    "last_login": null,
    "is_superuser": false,
    "username": "clara_ortega_34",
    "first_name": "Clara",
    "last_name": "Ortega",
    "email": "clara_ortega_34@demo.afinia.local",
    "is_staff": false,
    "is_active": true,
    "date_joined": "2026-06-23T04:44:57.108Z",
    "groups": [],
    "user_permissions": []
  }
},
{
  "model": "auth.user",
  "fields": {
    "password": "pbkdf2_sha256$600000$X4oofS4ERz1wG3o6jWvhqK$Jg3Uon/W0s5qpJB++LXKo3y8JtoQ7HoiqGLdMAzIWKk=",
    "last_login": null,
    "is_superuser": false,
    "username": "marta_vidal_35",
    "first_name": "Marta",
    "last_name": "Vidal",
    "email": "marta_vidal_35@demo.afinia.local",
    "is_staff": false,
    "is_active": true,
    "date_joined": "2026-06-23T04:44:58.239Z",
    "groups": [],
    "user_permissions": []
  }
},
{
  "model": "auth.user",
  "fields": {
    "password": "pbkdf2_sha256$600000$JGoYw3bs6OWuas2OIz6rLv$paA7bC9AokI0ZjwiBWm7vDmOsNyioZQKuZU21i/Lr2Y=",
    "last_login": null,
    "is_superuser": false,
    "username": "nerea_ruiz_36",
    "first_name": "Nerea",
    "last_name": "Ruiz",
    "email": "nerea_ruiz_36@demo.afinia.local",
    "is_staff": false,
    "is_active": true,
    "date_joined": "2026-06-23T04:44:59.477Z",
    "groups": [],
    "user_permissions": []
  }
},
{
  "model": "auth.user",
  "fields": {
    "password": "pbkdf2_sha256$600000$PCZLezVzwL3uAXKYcLGOa4$Vv7t/zYpYDq32vQa3y1VzIUJIFIFHJm50tDI1M5YFf8=",
    "last_login": null,
    "is_superuser": false,
    "username": "laura_leon_37",
    "first_name": "Laura",
    "last_name": "Leon",
    "email": "laura_leon_37@demo.afinia.local",
    "is_staff": false,
    "is_active": true,
    "date_joined": "2026-06-23T04:45:00.650Z",
    "groups": [],
    "user_permissions": []
  }
},
{
  "model": "auth.user",
  "fields": {
    "password": "pbkdf2_sha256$600000$JDZChjAuM9NXEIxLzr4jq1$oQc2S03WzuBd/1DyFezE37r8ng1Qkute0mOhpqL4kAY=",
    "last_login": null,
    "is_superuser": false,
    "username": "paula_fuentes_38",
    "first_name": "Paula",
    "last_name": "Fuentes",
    "email": "paula_fuentes_38@demo.afinia.local",
    "is_staff": false,
    "is_active": true,
    "date_joined": "2026-06-23T04:45:01.848Z",
    "groups": [],
    "user_permissions": []
  }
},
{
  "model": "auth.user",
  "fields": {
    "password": "pbkdf2_sha256$600000$YEeYfketw8YQk3nAQ542RP$H9DQ7GWYk6+1cX0mi3UygpD/v6lxmZ9DyoXWoHpvGs0=",
    "last_login": null,
    "is_superuser": false,
    "username": "sara_prieto_39",
    "first_name": "Sara",
    "last_name": "Prieto",
    "email": "sara_prieto_39@demo.afinia.local",
    "is_staff": false,
    "is_active": true,
    "date_joined": "2026-06-23T04:45:02.999Z",
    "groups": [],
    "user_permissions": []
  }
},
{
  "model": "auth.user",
  "fields": {
    "password": "pbkdf2_sha256$600000$Vbf2JgeK5OR1tBZ1pY55sp$5OUcNrGwNF1ex8fz6LQjjlH3k14UUXu8W+xw8EZ7d0g=",
    "last_login": null,
    "is_superuser": false,
    "username": "elena_ramos_40",
    "first_name": "Elena",
    "last_name": "Ramos",
    "email": "elena_ramos_40@demo.afinia.local",
    "is_staff": false,
    "is_active": true,
    "date_joined": "2026-06-23T04:45:04.218Z",
    "groups": [],
    "user_permissions": []
  }
},
{
  "model": "auth.user",
  "fields": {
    "password": "pbkdf2_sha256$600000$cNUG7BCshmZMcWRNxL9sUz$w+MtagPYaNnETHI7tTXzzEDtnpxBG7k0Q1+FCnfkLBw=",
    "last_login": null,
    "is_superuser": false,
    "username": "irene_iglesias_41",
    "first_name": "Irene",
    "last_name": "Iglesias",
    "email": "irene_iglesias_41@demo.afinia.local",
    "is_staff": false,
    "is_active": true,
    "date_joined": "2026-06-23T04:45:05.422Z",
    "groups": [],
    "user_permissions": []
  }
},
{
  "model": "auth.user",
  "fields": {
    "password": "pbkdf2_sha256$600000$debZwoQLfdfbsqF1GG1q7V$x/dqVljIOBkvBulLxD0So3ooPGmgVGW5HlHxvz2SDAY=",
    "last_login": null,
    "is_superuser": false,
    "username": "aitana_cortes_42",
    "first_name": "Aitana",
    "last_name": "Cortes",
    "email": "aitana_cortes_42@demo.afinia.local",
    "is_staff": false,
    "is_active": true,
    "date_joined": "2026-06-23T04:45:06.633Z",
    "groups": [],
    "user_permissions": []
  }
},
{
  "model": "auth.user",
  "fields": {
    "password": "pbkdf2_sha256$600000$5d9i5ZhpirsUPqviuZr3ng$diyrIErt63j3JEErTbX57sM1LDtA714g8BWMZdsKcVI=",
    "last_login": null,
    "is_superuser": false,
    "username": "eva_bravo_43",
    "first_name": "Eva",
    "last_name": "Bravo",
    "email": "eva_bravo_43@demo.afinia.local",
    "is_staff": false,
    "is_active": true,
    "date_joined": "2026-06-23T04:45:07.779Z",
    "groups": [],
    "user_permissions": []
  }
},
{
  "model": "auth.user",
  "fields": {
    "password": "pbkdf2_sha256$600000$7XezSXgDIsHu0HnhbZH6aC$ky7BE2cfeswrJ5xn/dkm3wMSEdD/RplaQEryQOhBqGw=",
    "last_login": null,
    "is_superuser": false,
    "username": "luna_vega_44",
    "first_name": "Luna",
    "last_name": "Vega",
    "email": "luna_vega_44@demo.afinia.local",
    "is_staff": false,
    "is_active": true,
    "date_joined": "2026-06-23T04:45:08.959Z",
    "groups": [],
    "user_permissions": []
  }
},
{
  "model": "auth.user",
  "fields": {
    "password": "pbkdf2_sha256$600000$OLbqc9NntIDK9dtad4jjKM$18SdbSiVCPauwfJx9KChdrScYtF+7ItBt31eyVYZg2E=",
    "last_login": null,
    "is_superuser": false,
    "username": "nadia_castro_45",
    "first_name": "Nadia",
    "last_name": "Castro",
    "email": "nadia_castro_45@demo.afinia.local",
    "is_staff": false,
    "is_active": true,
    "date_joined": "2026-06-23T04:45:10.165Z",
    "groups": [],
    "user_permissions": []
  }
},
{
  "model": "auth.user",
  "fields": {
    "password": "pbkdf2_sha256$600000$GhVAECF8gRsLFLaCsUpS14$Nwo1kflN7c8dopyRClJ0O8hACD/ZCi35ARCoxywscIo=",
    "last_login": null,
    "is_superuser": false,
    "username": "vera_campos_46",
    "first_name": "Vera",
    "last_name": "Campos",
    "email": "vera_campos_46@demo.afinia.local",
    "is_staff": false,
    "is_active": true,
    "date_joined": "2026-06-23T04:45:11.379Z",
    "groups": [],
    "user_permissions": []
  }
},
{
  "model": "auth.user",
  "fields": {
    "password": "pbkdf2_sha256$600000$bYH6VgoPpoU2cgaK2Wvjwa$1LSGBHvA8KBDMdMqbHag0Hh82pjkXIEdq7V1qxhvemI=",
    "last_login": null,
    "is_superuser": false,
    "username": "carmen_pardo_47",
    "first_name": "Carmen",
    "last_name": "Pardo",
    "email": "carmen_pardo_47@demo.afinia.local",
    "is_staff": false,
    "is_active": true,
    "date_joined": "2026-06-23T04:45:12.527Z",
    "groups": [],
    "user_permissions": []
  }
},
{
  "model": "auth.user",
  "fields": {
    "password": "pbkdf2_sha256$600000$HW5aX5kZp7zpvu7T5diIO5$EfcqvwKsNiNhBohcaAHIXd0SbZjVyLgbzCHmlGmXL7I=",
    "last_login": null,
    "is_superuser": false,
    "username": "ines_sanz_48",
    "first_name": "Ines",
    "last_name": "Sanz",
    "email": "ines_sanz_48@demo.afinia.local",
    "is_staff": false,
    "is_active": true,
    "date_joined": "2026-06-23T04:45:13.723Z",
    "groups": [],
    "user_permissions": []
  }
},
{
  "model": "auth.user",
  "fields": {
    "password": "pbkdf2_sha256$600000$JkzFbV4oBEs8nSn0kSzQQl$kg7xd+ZI+wXZG0wZlnwJEED0fQ0pNwydB6MOD1Xjwr0=",
    "last_login": null,
    "is_superuser": false,
    "username": "carlos_soler_49",
    "first_name": "Carlos",
    "last_name": "Soler",
    "email": "carlos_soler_49@demo.afinia.local",
    "is_staff": false,
    "is_active": true,
    "date_joined": "2026-06-23T04:45:14.895Z",
    "groups": [],
    "user_permissions": []
  }
},
{
  "model": "auth.user",
  "fields": {
    "password": "pbkdf2_sha256$600000$RwkL56iiLMqe7CCzsF104r$NOlf4e5Gm2bGkZHF5P4k2JyI1+Fm7HmAe/VYqkdV2o4=",
    "last_login": null,
    "is_superuser": false,
    "username": "dani_molina_50",
    "first_name": "Dani",
    "last_name": "Molina",
    "email": "dani_molina_50@demo.afinia.local",
    "is_staff": false,
    "is_active": true,
    "date_joined": "2026-06-23T04:45:16.143Z",
    "groups": [],
    "user_permissions": []
  }
},
{
  "model": "auth.user",
  "fields": {
    "password": "pbkdf2_sha256$600000$tgmaaMhQSReSpnCvPkaBty$Q5ndkPSZcxFK3o85GshFMaUubYy7IMwREDVA6Jl2BSw=",
    "last_login": null,
    "is_superuser": false,
    "username": "sergio_santos_51",
    "first_name": "Sergio",
    "last_name": "Santos",
    "email": "sergio_santos_51@demo.afinia.local",
    "is_staff": false,
    "is_active": true,
    "date_joined": "2026-06-23T04:45:17.408Z",
    "groups": [],
    "user_permissions": []
  }
},
{
  "model": "auth.user",
  "fields": {
    "password": "pbkdf2_sha256$600000$OP6KQNit3ZCGRiX0g10BgR$rj9dbcRMVmjNsR+A285lN31bweA8Its1Sl39FOvuUYE=",
    "last_login": null,
    "is_superuser": false,
    "username": "iker_rey_52",
    "first_name": "Iker",
    "last_name": "Rey",
    "email": "iker_rey_52@demo.afinia.local",
    "is_staff": false,
    "is_active": true,
    "date_joined": "2026-06-23T04:45:18.605Z",
    "groups": [],
    "user_permissions": []
  }
},
{
  "model": "auth.user",
  "fields": {
    "password": "pbkdf2_sha256$600000$miy2UQth88WaDqHVYEDcsx$bQGKBcmQz8a9jpf7W1qMf54YRBc1Rq3lZ7lqOXIZq4U=",
    "last_login": null,
    "is_superuser": false,
    "username": "hugo_gil_53",
    "first_name": "Hugo",
    "last_name": "Gil",
    "email": "hugo_gil_53@demo.afinia.local",
    "is_staff": false,
    "is_active": true,
    "date_joined": "2026-06-23T04:45:19.791Z",
    "groups": [],
    "user_permissions": []
  }
},
{
  "model": "auth.user",
  "fields": {
    "password": "pbkdf2_sha256$600000$xbbmdoOhtFSQNtn1jmhGZM$aH30M5kMfgqoRdpFMaitm0uS/a1zsbHJScZ0AfVk0lc=",
    "last_login": null,
    "is_superuser": false,
    "username": "mario_marin_54",
    "first_name": "Mario",
    "last_name": "Marin",
    "email": "mario_marin_54@demo.afinia.local",
    "is_staff": false,
    "is_active": true,
    "date_joined": "2026-06-23T04:45:20.926Z",
    "groups": [],
    "user_permissions": []
  }
},
{
  "model": "auth.user",
  "fields": {
    "password": "pbkdf2_sha256$600000$W5bY9EGbctr3MWIizfSFYt$QtZY6THOJdbwnH5bB5VClZ+3+zaIp8prNaLD41yX0kk=",
    "last_login": null,
    "is_superuser": false,
    "username": "adrian_navas_55",
    "first_name": "Adrian",
    "last_name": "Navas",
    "email": "adrian_navas_55@demo.afinia.local",
    "is_staff": false,
    "is_active": true,
    "date_joined": "2026-06-23T04:45:22.063Z",
    "groups": [],
    "user_permissions": []
  }
},
{
  "model": "auth.user",
  "fields": {
    "password": "pbkdf2_sha256$600000$wf6SBz3CyfNFRwoAe2IY86$H2QxkRNIq14PY6nC71mFwM9AXsdHTgEEZm5NRM1HlPs=",
    "last_login": null,
    "is_superuser": false,
    "username": "javi_herrera_56",
    "first_name": "Javi",
    "last_name": "Herrera",
    "email": "javi_herrera_56@demo.afinia.local",
    "is_staff": false,
    "is_active": true,
    "date_joined": "2026-06-23T04:45:23.231Z",
    "groups": [],
    "user_permissions": []
  }
},
{
  "model": "auth.user",
  "fields": {
    "password": "pbkdf2_sha256$600000$85xcnD7zXEI3uBqLqmhI3F$XojO+aoq+kFtUpis1HH1zQ5a6R/YHCggoziNyw2w01o=",
    "last_login": null,
    "is_superuser": false,
    "username": "leo_lozano_57",
    "first_name": "Leo",
    "last_name": "Lozano",
    "email": "leo_lozano_57@demo.afinia.local",
    "is_staff": false,
    "is_active": true,
    "date_joined": "2026-06-23T04:45:24.379Z",
    "groups": [],
    "user_permissions": []
  }
},
{
  "model": "auth.user",
  "fields": {
    "password": "pbkdf2_sha256$600000$JdOCD5WA5S8YN34Mmewusp$O7UwrMnxpVgy4XUTnLaPWZezsWeHnXi730oe+49djFo=",
    "last_login": null,
    "is_superuser": false,
    "username": "ruben_ortega_58",
    "first_name": "Ruben",
    "last_name": "Ortega",
    "email": "ruben_ortega_58@demo.afinia.local",
    "is_staff": false,
    "is_active": true,
    "date_joined": "2026-06-23T04:45:25.507Z",
    "groups": [],
    "user_permissions": []
  }
},
{
  "model": "auth.user",
  "fields": {
    "password": "pbkdf2_sha256$600000$2HQro3N07n0KpjJ4Ae6VSj$LMuPMNXbr4QRaYxVfCy3uIz+UdSvxUtoGbPjTL/RRkE=",
    "last_login": null,
    "is_superuser": false,
    "username": "samuel_vidal_59",
    "first_name": "Samuel",
    "last_name": "Vidal",
    "email": "samuel_vidal_59@demo.afinia.local",
    "is_staff": false,
    "is_active": true,
    "date_joined": "2026-06-23T04:45:26.664Z",
    "groups": [],
    "user_permissions": []
  }
},
{
  "model": "auth.user",
  "fields": {
    "password": "pbkdf2_sha256$600000$VZkR7uklWoxXgHLtYlfogE$PmiKYnN6/nGmpPWWLWS46XdBWe7+OqEegHQDVWH2Qxg=",
    "last_login": null,
    "is_superuser": false,
    "username": "bruno_ruiz_60",
    "first_name": "Bruno",
    "last_name": "Ruiz",
    "email": "bruno_ruiz_60@demo.afinia.local",
    "is_staff": false,
    "is_active": true,
    "date_joined": "2026-06-23T04:45:27.860Z",
    "groups": [],
    "user_permissions": []
  }
},
{
  "model": "auth.user",
  "fields": {
    "password": "pbkdf2_sha256$600000$xQCgX2HC3qCrGJ5oHsoITv$ak4bi+GUctsAcZF1HGxqu/dWxh7sUltF238aowIjPec=",
    "last_login": null,
    "is_superuser": false,
    "username": "pablo_leon_61",
    "first_name": "Pablo",
    "last_name": "Leon",
    "email": "pablo_leon_61@demo.afinia.local",
    "is_staff": false,
    "is_active": true,
    "date_joined": "2026-06-23T04:45:29.096Z",
    "groups": [],
    "user_permissions": []
  }
},
{
  "model": "auth.user",
  "fields": {
    "password": "pbkdf2_sha256$600000$tE0A8WOsvujAzvM2RFziyM$UXAtBsYnBw8VdeTonUD7x9MBEDiNnJDiLfpWKHWnDQg=",
    "last_login": null,
    "is_superuser": false,
    "username": "diego_fuentes_62",
    "first_name": "Diego",
    "last_name": "Fuentes",
    "email": "diego_fuentes_62@demo.afinia.local",
    "is_staff": false,
    "is_active": true,
    "date_joined": "2026-06-23T04:45:30.191Z",
    "groups": [],
    "user_permissions": []
  }
},
{
  "model": "auth.user",
  "fields": {
    "password": "pbkdf2_sha256$600000$bETQul0fUNjCQjvqCfUTdI$r2uS06p+MLl3am62JCnJaLtznMq9i8WfVR1gpkY02vg=",
    "last_login": null,
    "is_superuser": false,
    "username": "marcos_prieto_63",
    "first_name": "Marcos",
    "last_name": "Prieto",
    "email": "marcos_prieto_63@demo.afinia.local",
    "is_staff": false,
    "is_active": true,
    "date_joined": "2026-06-23T04:45:31.393Z",
    "groups": [],
    "user_permissions": []
  }
},
{
  "model": "auth.user",
  "fields": {
    "password": "pbkdf2_sha256$600000$U5DbIuVXvhPtyWSgZfpc4f$Mv0njoUEj1y3XRFUtsHrhIXdi888xmn9JqZTukSmWyY=",
    "last_login": null,
    "is_superuser": false,
    "username": "mateo_ramos_64",
    "first_name": "Mateo",
    "last_name": "Ramos",
    "email": "mateo_ramos_64@demo.afinia.local",
    "is_staff": false,
    "is_active": true,
    "date_joined": "2026-06-23T04:45:32.541Z",
    "groups": [],
    "user_permissions": []
  }
},
{
  "model": "auth.user",
  "fields": {
    "password": "pbkdf2_sha256$600000$n8EudZbB1x9rygQ1hNef2v$77vaHddmgrRp2IfgyRX5xMxTOhejBSHjX99HwLnwvJk=",
    "last_login": null,
    "is_superuser": false,
    "username": "lucia_iglesias_65",
    "first_name": "Lucia",
    "last_name": "Iglesias",
    "email": "lucia_iglesias_65@demo.afinia.local",
    "is_staff": false,
    "is_active": true,
    "date_joined": "2026-06-23T04:45:33.701Z",
    "groups": [],
    "user_permissions": []
  }
},
{
  "model": "auth.user",
  "fields": {
    "password": "pbkdf2_sha256$600000$FBrwXoyhNNmoGkDpB1IEAz$nBefDqpBra98IOqN6RGgvQ3TUoJiDA1SXRrALJ6qM6s=",
    "last_login": null,
    "is_superuser": false,
    "username": "clara_cortes_66",
    "first_name": "Clara",
    "last_name": "Cortes",
    "email": "clara_cortes_66@demo.afinia.local",
    "is_staff": false,
    "is_active": true,
    "date_joined": "2026-06-23T04:45:34.858Z",
    "groups": [],
    "user_permissions": []
  }
},
{
  "model": "auth.user",
  "fields": {
    "password": "pbkdf2_sha256$600000$64uQqVNqvD85y8Rlbicbhf$p4LJLRXC0gFEcb4SIHZ3t60lGq2dXpFIzMTTXl9A8Og=",
    "last_login": null,
    "is_superuser": false,
    "username": "marta_bravo_67",
    "first_name": "Marta",
    "last_name": "Bravo",
    "email": "marta_bravo_67@demo.afinia.local",
    "is_staff": false,
    "is_active": true,
    "date_joined": "2026-06-23T04:45:36.040Z",
    "groups": [],
    "user_permissions": []
  }
},
{
  "model": "auth.user",
  "fields": {
    "password": "pbkdf2_sha256$600000$saD7Y3V1jTxhXyHsP5TvJv$HwXOaDkf/CcnWB1EgzVbyEp/Kpk1uBPXlqZqJAcIlGo=",
    "last_login": null,
    "is_superuser": false,
    "username": "nerea_vega_68",
    "first_name": "Nerea",
    "last_name": "Vega",
    "email": "nerea_vega_68@demo.afinia.local",
    "is_staff": false,
    "is_active": true,
    "date_joined": "2026-06-23T04:45:37.282Z",
    "groups": [],
    "user_permissions": []
  }
},
{
  "model": "auth.user",
  "fields": {
    "password": "pbkdf2_sha256$600000$0yXSjLELbD78ZcvW1yJ82M$wy9e4Om/VO2bbyowjDtcx9wPGxmVOyNqYYNUu+PXSxU=",
    "last_login": null,
    "is_superuser": false,
    "username": "laura_castro_69",
    "first_name": "Laura",
    "last_name": "Castro",
    "email": "laura_castro_69@demo.afinia.local",
    "is_staff": false,
    "is_active": true,
    "date_joined": "2026-06-23T04:45:38.423Z",
    "groups": [],
    "user_permissions": []
  }
},
{
  "model": "auth.user",
  "fields": {
    "password": "pbkdf2_sha256$600000$poUqP4nSYGVJJxKQLuDuzv$4uJlbsiMUTACRY404gooftkV1cn5i6ffkrQbzXhhjMY=",
    "last_login": null,
    "is_superuser": false,
    "username": "paula_campos_70",
    "first_name": "Paula",
    "last_name": "Campos",
    "email": "paula_campos_70@demo.afinia.local",
    "is_staff": false,
    "is_active": true,
    "date_joined": "2026-06-23T04:45:39.644Z",
    "groups": [],
    "user_permissions": []
  }
},
{
  "model": "auth.user",
  "fields": {
    "password": "pbkdf2_sha256$600000$xB0d0xVgtfxteJvgvJL6N0$K7KEC4qeJUdzvC6v5ZWYCZodhPmgy3b+kX7FWJEH9LY=",
    "last_login": null,
    "is_superuser": false,
    "username": "sara_pardo_71",
    "first_name": "Sara",
    "last_name": "Pardo",
    "email": "sara_pardo_71@demo.afinia.local",
    "is_staff": false,
    "is_active": true,
    "date_joined": "2026-06-23T04:45:40.833Z",
    "groups": [],
    "user_permissions": []
  }
},
{
  "model": "auth.user",
  "fields": {
    "password": "pbkdf2_sha256$600000$aFLS485w3Xtxx7oWuFnpMo$ARGpfgA3dJ86gPgypKTrYkVbez3UVteYKNhx2mjsZM4=",
    "last_login": null,
    "is_superuser": false,
    "username": "elena_sanz_72",
    "first_name": "Elena",
    "last_name": "Sanz",
    "email": "elena_sanz_72@demo.afinia.local",
    "is_staff": false,
    "is_active": true,
    "date_joined": "2026-06-23T04:45:42.011Z",
    "groups": [],
    "user_permissions": []
  }
},
{
  "model": "accounts.profile",
  "pk": 2,
  "fields": {
    "user": [
      "lucia"
    ],
    "display_name": "lucia",
    "country": "UY",
    "city": "Montevideo",
    "province": "",
    "bio": "Me encantan los paseos, el cine, la música y los cafés largos.",
    "photo": "",
    "goals": [
      "groups",
      "talk",
      "dating",
      "friendship"
    ],
    "interests": [
      "cafe",
      "gaming",
      "cinema",
      "art",
      "pets",
      "walks"
    ],
    "social_preferences": [
      "quiet_places",
      "small_groups",
      "clear_plans"
    ],
    "dating_preferences": {},
    "health_context": [
      "physical_disability"
    ],
    "sex": "man",
    "orientation": "heterosexual",
    "birth_date": "1994-11-03",
    "height_cm": 155,
    "weight_kg": 76,
    "smoker": "no",
    "accessibility_notes": "",
    "accessibility_visibility": "private",
    "open_to_nearby": true,
    "open_to_online": false,
    "onboarding_completed": true,
    "created_at": "2026-06-06T17:10:07.492Z",
    "updated_at": "2026-06-16T18:01:09.849Z"
  }
},
{
  "model": "accounts.profile",
  "pk": 43,
  "fields": {
    "user": [
      "elme79"
    ],
    "display_name": "elme79",
    "country": "ES",
    "city": "Barcelona",
    "province": "",
    "bio": "Me gusta conocer gente con calma, hablar primero y hacer planes sencillos.😀",
    "photo": "profiles/IMGA2223.JPG",
    "goals": [
      "friendship",
      "dating",
      "groups",
      "talk"
    ],
    "interests": [
      "cafe",
      "cinema",
      "reading",
      "music",
      "art",
      "sports",
      "support"
    ],
    "social_preferences": [
      "chat_first",
      "clear_plans"
    ],
    "dating_preferences": {
      "sex": "woman",
      "city": "Barcelona",
      "max_age": "",
      "min_age": "",
      "searched": true
    },
    "health_context": [
      "other"
    ],
    "sex": "man",
    "orientation": "heterosexual",
    "birth_date": "1979-10-01",
    "height_cm": 178,
    "weight_kg": 70,
    "smoker": "yes",
    "accessibility_notes": "",
    "accessibility_visibility": "public",
    "open_to_nearby": true,
    "open_to_online": true,
    "onboarding_completed": true,
    "created_at": "2026-06-06T17:29:15.588Z",
    "updated_at": "2026-06-23T00:53:04.347Z"
  }
},
{
  "model": "accounts.profile",
  "pk": 183,
  "fields": {
    "user": [
      "cristiandg79"
    ],
    "display_name": "cristiandg79",
    "country": "ES",
    "city": "Barcelona",
    "province": "",
    "bio": "Disfruto de los planes culturales, las tardes tranquilas y aprender cosas nuevas.",
    "photo": "profiles/Untitled-1_copy_wo88kab.jpg",
    "goals": [
      "dating",
      "groups",
      "talk"
    ],
    "interests": [
      "gaming",
      "reading",
      "music",
      "art"
    ],
    "social_preferences": [
      "chat_first"
    ],
    "dating_preferences": {
      "sex": "woman",
      "city": "",
      "radius": "",
      "country": "ES",
      "max_age": "",
      "min_age": "",
      "searched": true,
      "orientation": "heterosexual"
    },
    "health_context": [
      "agoraphobia",
      "anxiety",
      "social_anxiety",
      "panic_attacks",
      "depression",
      "psychosis"
    ],
    "sex": "man",
    "orientation": "heterosexual",
    "birth_date": "1979-05-29",
    "height_cm": 181,
    "weight_kg": 88,
    "smoker": "prefer_not_say",
    "accessibility_notes": "",
    "accessibility_visibility": "public",
    "open_to_nearby": true,
    "open_to_online": true,
    "onboarding_completed": true,
    "created_at": "2026-06-13T19:17:53.755Z",
    "updated_at": "2026-06-23T06:41:22.246Z"
  }
},
{
  "model": "accounts.profile",
  "pk": 216,
  "fields": {
    "user": [
      "thetomatopower79"
    ],
    "display_name": "thetomatopower79",
    "country": "ES",
    "city": "Barcelona",
    "province": "",
    "bio": "Me gustaría conocer a gente con mis mismos problemas!😉",
    "photo": "profiles/2016-04-10_20.11.41_BN_h4cG9Y1.jpg",
    "goals": [
      "friendship",
      "dating",
      "groups",
      "talk"
    ],
    "interests": [
      "cafe",
      "cinema",
      "music",
      "walks",
      "support"
    ],
    "social_preferences": [
      "chat_first",
      "small_groups",
      "quiet_places",
      "clear_plans",
      "slow_pace"
    ],
    "dating_preferences": {
      "sex": "woman",
      "city": "Barcelona",
      "country": "ES",
      "max_age": "",
      "min_age": "",
      "searched": true
    },
    "health_context": [
      "anxiety",
      "depression"
    ],
    "sex": "man",
    "orientation": "heterosexual",
    "birth_date": "1979-05-08",
    "height_cm": 181,
    "weight_kg": 95,
    "smoker": "yes",
    "accessibility_notes": "",
    "accessibility_visibility": "public",
    "open_to_nearby": true,
    "open_to_online": true,
    "onboarding_completed": true,
    "created_at": "2026-06-16T18:04:12.769Z",
    "updated_at": "2026-06-16T18:06:44.586Z"
  }
},
{
  "model": "accounts.profile",
  "pk": 217,
  "fields": {
    "user": [
      "RWG"
    ],
    "display_name": "RWG",
    "country": "ES",
    "city": "Barcelona",
    "province": "",
    "bio": "Soy un buen tipo!😀",
    "photo": "profiles/IMG20211223145819_tCLcGQs.jpg",
    "goals": [
      "friendship",
      "dating",
      "groups",
      "talk"
    ],
    "interests": [
      "cafe",
      "cinema",
      "music",
      "walks",
      "support"
    ],
    "social_preferences": [
      "chat_first",
      "quiet_places"
    ],
    "dating_preferences": {
      "sex": "woman",
      "city": "",
      "radius": "",
      "country": "",
      "max_age": "",
      "min_age": "",
      "searched": true,
      "orientation": "heterosexual"
    },
    "health_context": [
      "agoraphobia",
      "anxiety",
      "social_anxiety",
      "depression",
      "psychosis"
    ],
    "sex": "man",
    "orientation": "heterosexual",
    "birth_date": "1979-05-08",
    "height_cm": 181,
    "weight_kg": 85,
    "smoker": "yes",
    "accessibility_notes": "",
    "accessibility_visibility": "public",
    "open_to_nearby": true,
    "open_to_online": true,
    "onboarding_completed": true,
    "created_at": "2026-06-18T13:18:58.267Z",
    "updated_at": "2026-06-18T14:04:58.079Z"
  }
},
{
  "model": "accounts.profile",
  "pk": 434,
  "fields": {
    "user": [
      "lucia_soler_01"
    ],
    "display_name": "Lucia Soler",
    "country": "ES",
    "city": "Madrid",
    "province": "Madrid",
    "bio": "Me apetecen planes pequenos, gente cercana y conversaciones naturales.",
    "photo": "profiles/demo_ai/women/women_portrait_01.png",
    "goals": [
      "dating",
      "talk"
    ],
    "interests": [
      "sports",
      "gaming",
      "music"
    ],
    "social_preferences": [
      "quiet_places"
    ],
    "dating_preferences": {},
    "health_context": [
      "speech_language_disorder"
    ],
    "sex": "woman",
    "orientation": "heterosexual",
    "birth_date": "1989-11-19",
    "height_cm": 151,
    "weight_kg": 59,
    "smoker": "no",
    "accessibility_notes": "",
    "accessibility_visibility": "public",
    "open_to_nearby": true,
    "open_to_online": true,
    "onboarding_completed": true,
    "created_at": "2026-06-23T04:44:17.817Z",
    "updated_at": "2026-06-23T04:44:17.817Z"
  }
},
{
  "model": "accounts.profile",
  "pk": 435,
  "fields": {
    "user": [
      "clara_molina_02"
    ],
    "display_name": "Clara Molina",
    "country": "ES",
    "city": "Alicante",
    "province": "Alicante",
    "bio": "Busco una conexion honesta, sin prisas y con buena conversacion.",
    "photo": "profiles/demo_ai/women/women_portrait_02.png",
    "goals": [
      "dating",
      "groups"
    ],
    "interests": [
      "support",
      "music",
      "walks",
      "cafe"
    ],
    "social_preferences": [
      "clear_plans",
      "slow_pace",
      "chat_first"
    ],
    "dating_preferences": {},
    "health_context": [
      "intellectual_disability",
      "ptsd"
    ],
    "sex": "woman",
    "orientation": "bisexual",
    "birth_date": "1969-01-03",
    "height_cm": 188,
    "weight_kg": 52,
    "smoker": "no",
    "accessibility_notes": "",
    "accessibility_visibility": "public",
    "open_to_nearby": true,
    "open_to_online": false,
    "onboarding_completed": true,
    "created_at": "2026-06-23T04:44:19.285Z",
    "updated_at": "2026-06-23T04:44:19.285Z"
  }
},
{
  "model": "accounts.profile",
  "pk": 436,
  "fields": {
    "user": [
      "marta_santos_03"
    ],
    "display_name": "Marta Santos",
    "country": "ES",
    "city": "Barcelona",
    "province": "Barcelona",
    "bio": "Disfruto de la musica, los planes culturales y las tardes tranquilas.",
    "photo": "profiles/demo_ai/women/women_portrait_03.png",
    "goals": [
      "dating",
      "friendship",
      "groups"
    ],
    "interests": [
      "sports",
      "reading",
      "art",
      "support",
      "walks",
      "cafe"
    ],
    "social_preferences": [
      "clear_plans",
      "quiet_places",
      "slow_pace"
    ],
    "dating_preferences": {},
    "health_context": [
      "hearing_disability",
      "panic_attacks"
    ],
    "sex": "woman",
    "orientation": "pansexual",
    "birth_date": "2002-12-14",
    "height_cm": 174,
    "weight_kg": 98,
    "smoker": "sometimes",
    "accessibility_notes": "",
    "accessibility_visibility": "public",
    "open_to_nearby": true,
    "open_to_online": true,
    "onboarding_completed": true,
    "created_at": "2026-06-23T04:44:20.591Z",
    "updated_at": "2026-06-23T04:44:20.591Z"
  }
},
{
  "model": "accounts.profile",
  "pk": 437,
  "fields": {
    "user": [
      "nerea_rey_04"
    ],
    "display_name": "Nerea Rey",
    "country": "ES",
    "city": "Vigo",
    "province": "Pontevedra",
    "bio": "Prefiero empezar por chat y quedar cuando ambas personas estemos comodas.",
    "photo": "profiles/demo_ai/women/women_portrait_04.png",
    "goals": [
      "dating",
      "talk"
    ],
    "interests": [
      "gaming",
      "sports",
      "cinema",
      "walks",
      "art",
      "support"
    ],
    "social_preferences": [
      "chat_first",
      "small_groups"
    ],
    "dating_preferences": {},
    "health_context": [
      "panic_attacks",
      "anxiety"
    ],
    "sex": "woman",
    "orientation": "homosexual",
    "birth_date": "1987-11-06",
    "height_cm": 173,
    "weight_kg": 101,
    "smoker": "sometimes",
    "accessibility_notes": "",
    "accessibility_visibility": "public",
    "open_to_nearby": true,
    "open_to_online": true,
    "onboarding_completed": true,
    "created_at": "2026-06-23T04:44:21.960Z",
    "updated_at": "2026-06-23T04:44:21.960Z"
  }
},
{
  "model": "accounts.profile",
  "pk": 438,
  "fields": {
    "user": [
      "laura_gil_05"
    ],
    "display_name": "Laura Gil",
    "country": "ES",
    "city": "Valencia",
    "province": "Valencia",
    "bio": "Me gusta conocer gente con calma, hablar primero y hacer planes sencillos.",
    "photo": "profiles/demo_ai/women/women_portrait_05.png",
    "goals": [
      "dating",
      "talk",
      "friendship"
    ],
    "interests": [
      "support",
      "cafe",
      "cinema",
      "walks",
      "art",
      "sports"
    ],
    "social_preferences": [
      "slow_pace",
      "small_groups"
    ],
    "dating_preferences": {},
    "health_context": [
      "insomnia"
    ],
    "sex": "woman",
    "orientation": "pansexual",
    "birth_date": "1985-11-23",
    "height_cm": 155,
    "weight_kg": 54,
    "smoker": "no",
    "accessibility_notes": "",
    "accessibility_visibility": "public",
    "open_to_nearby": true,
    "open_to_online": true,
    "onboarding_completed": true,
    "created_at": "2026-06-23T04:44:23.293Z",
    "updated_at": "2026-06-23T04:44:23.293Z"
  }
},
{
  "model": "accounts.profile",
  "pk": 439,
  "fields": {
    "user": [
      "paula_marin_06"
    ],
    "display_name": "Paula Marin",
    "country": "ES",
    "city": "Cornella de Llobregat",
    "province": "Barcelona",
    "bio": "Prefiero empezar por chat y quedar cuando ambas personas estemos comodas.",
    "photo": "profiles/demo_ai/women/women_portrait_06.png",
    "goals": [
      "friendship",
      "dating",
      "talk",
      "groups"
    ],
    "interests": [
      "reading",
      "pets",
      "walks",
      "cinema",
      "gaming"
    ],
    "social_preferences": [
      "slow_pace",
      "chat_first",
      "small_groups"
    ],
    "dating_preferences": {},
    "health_context": [
      "agoraphobia",
      "physical_disability"
    ],
    "sex": "woman",
    "orientation": "bisexual",
    "birth_date": "1993-11-16",
    "height_cm": 165,
    "weight_kg": 56,
    "smoker": "sometimes",
    "accessibility_notes": "",
    "accessibility_visibility": "public",
    "open_to_nearby": true,
    "open_to_online": false,
    "onboarding_completed": true,
    "created_at": "2026-06-23T04:44:24.504Z",
    "updated_at": "2026-06-23T04:44:24.504Z"
  }
},
{
  "model": "accounts.profile",
  "pk": 440,
  "fields": {
    "user": [
      "sara_navas_07"
    ],
    "display_name": "Sara Navas",
    "country": "ES",
    "city": "Sevilla",
    "province": "Sevilla",
    "bio": "Estoy aqui para conocer personas afines y construir algo bonito poco a poco.",
    "photo": "profiles/demo_ai/women/women_portrait_07.png",
    "goals": [
      "groups",
      "dating"
    ],
    "interests": [
      "gaming",
      "cinema",
      "reading",
      "support"
    ],
    "social_preferences": [
      "quiet_places",
      "slow_pace",
      "clear_plans"
    ],
    "dating_preferences": {},
    "health_context": [
      "learning_disability"
    ],
    "sex": "woman",
    "orientation": "heterosexual",
    "birth_date": "1988-04-20",
    "height_cm": 164,
    "weight_kg": 80,
    "smoker": "no",
    "accessibility_notes": "",
    "accessibility_visibility": "public",
    "open_to_nearby": true,
    "open_to_online": true,
    "onboarding_completed": true,
    "created_at": "2026-06-23T04:44:25.694Z",
    "updated_at": "2026-06-23T04:44:25.694Z"
  }
},
{
  "model": "accounts.profile",
  "pk": 441,
  "fields": {
    "user": [
      "elena_herrera_08"
    ],
    "display_name": "Elena Herrera",
    "country": "ES",
    "city": "Barcelona",
    "province": "Barcelona",
    "bio": "Estoy aqui para conocer personas afines y construir algo bonito poco a poco.",
    "photo": "profiles/demo_ai/women/women_portrait_08.png",
    "goals": [
      "talk",
      "friendship",
      "dating"
    ],
    "interests": [
      "reading",
      "support",
      "music",
      "gaming",
      "sports"
    ],
    "social_preferences": [
      "small_groups"
    ],
    "dating_preferences": {},
    "health_context": [
      "chronic_illness",
      "adhd"
    ],
    "sex": "woman",
    "orientation": "heterosexual",
    "birth_date": "2001-07-04",
    "height_cm": 181,
    "weight_kg": 85,
    "smoker": "no",
    "accessibility_notes": "",
    "accessibility_visibility": "public",
    "open_to_nearby": true,
    "open_to_online": true,
    "onboarding_completed": true,
    "created_at": "2026-06-23T04:44:26.849Z",
    "updated_at": "2026-06-23T04:44:26.849Z"
  }
},
{
  "model": "accounts.profile",
  "pk": 442,
  "fields": {
    "user": [
      "irene_lozano_09"
    ],
    "display_name": "Irene Lozano",
    "country": "ES",
    "city": "Madrid",
    "province": "Madrid",
    "bio": "Disfruto de la musica, los planes culturales y las tardes tranquilas.",
    "photo": "profiles/demo_ai/women/women_portrait_09.png",
    "goals": [
      "dating",
      "groups",
      "talk"
    ],
    "interests": [
      "cinema",
      "pets",
      "music",
      "reading",
      "art",
      "sports"
    ],
    "social_preferences": [
      "small_groups",
      "clear_plans",
      "quiet_places"
    ],
    "dating_preferences": {},
    "health_context": [
      "ocd",
      "chronic_illness"
    ],
    "sex": "woman",
    "orientation": "heterosexual",
    "birth_date": "1968-08-18",
    "height_cm": 164,
    "weight_kg": 48,
    "smoker": "sometimes",
    "accessibility_notes": "",
    "accessibility_visibility": "public",
    "open_to_nearby": true,
    "open_to_online": true,
    "onboarding_completed": true,
    "created_at": "2026-06-23T04:44:28.035Z",
    "updated_at": "2026-06-23T04:44:28.035Z"
  }
},
{
  "model": "accounts.profile",
  "pk": 443,
  "fields": {
    "user": [
      "aitana_ortega_10"
    ],
    "display_name": "Aitana Ortega",
    "country": "ES",
    "city": "Madrid",
    "province": "Madrid",
    "bio": "Estoy aqui para conocer personas afines y construir algo bonito poco a poco.",
    "photo": "profiles/demo_ai/women/women_portrait_10.png",
    "goals": [
      "friendship",
      "dating",
      "groups",
      "talk"
    ],
    "interests": [
      "walks",
      "sports",
      "art",
      "cafe",
      "cinema",
      "reading"
    ],
    "social_preferences": [
      "clear_plans"
    ],
    "dating_preferences": {},
    "health_context": [
      "ptsd"
    ],
    "sex": "woman",
    "orientation": "heterosexual",
    "birth_date": "2000-04-11",
    "height_cm": 165,
    "weight_kg": 77,
    "smoker": "no",
    "accessibility_notes": "",
    "accessibility_visibility": "public",
    "open_to_nearby": true,
    "open_to_online": false,
    "onboarding_completed": true,
    "created_at": "2026-06-23T04:44:29.247Z",
    "updated_at": "2026-06-23T04:44:29.247Z"
  }
},
{
  "model": "accounts.profile",
  "pk": 444,
  "fields": {
    "user": [
      "eva_vidal_11"
    ],
    "display_name": "Eva Vidal",
    "country": "ES",
    "city": "Bilbao",
    "province": "Bizkaia",
    "bio": "Me apetecen planes pequenos, gente cercana y conversaciones naturales.",
    "photo": "profiles/demo_ai/women/women_portrait_11.png",
    "goals": [
      "dating",
      "friendship",
      "groups"
    ],
    "interests": [
      "cinema",
      "pets",
      "cafe",
      "art"
    ],
    "social_preferences": [
      "small_groups"
    ],
    "dating_preferences": {},
    "health_context": [
      "insomnia",
      "bipolar"
    ],
    "sex": "woman",
    "orientation": "homosexual",
    "birth_date": "1986-09-03",
    "height_cm": 157,
    "weight_kg": 102,
    "smoker": "sometimes",
    "accessibility_notes": "",
    "accessibility_visibility": "public",
    "open_to_nearby": true,
    "open_to_online": true,
    "onboarding_completed": true,
    "created_at": "2026-06-23T04:44:30.460Z",
    "updated_at": "2026-06-23T04:44:30.460Z"
  }
},
{
  "model": "accounts.profile",
  "pk": 445,
  "fields": {
    "user": [
      "luna_ruiz_12"
    ],
    "display_name": "Luna Ruiz",
    "country": "ES",
    "city": "Vigo",
    "province": "Pontevedra",
    "bio": "Disfruto de la musica, los planes culturales y las tardes tranquilas.",
    "photo": "profiles/demo_ai/women/women_portrait_12.png",
    "goals": [
      "groups",
      "friendship",
      "dating",
      "talk"
    ],
    "interests": [
      "sports",
      "support",
      "music"
    ],
    "social_preferences": [
      "quiet_places"
    ],
    "dating_preferences": {},
    "health_context": [
      "chronic_illness"
    ],
    "sex": "woman",
    "orientation": "heterosexual",
    "birth_date": "1981-08-02",
    "height_cm": 158,
    "weight_kg": 83,
    "smoker": "no",
    "accessibility_notes": "",
    "accessibility_visibility": "public",
    "open_to_nearby": true,
    "open_to_online": false,
    "onboarding_completed": true,
    "created_at": "2026-06-23T04:44:31.619Z",
    "updated_at": "2026-06-23T04:44:31.619Z"
  }
},
{
  "model": "accounts.profile",
  "pk": 446,
  "fields": {
    "user": [
      "nadia_leon_13"
    ],
    "display_name": "Nadia Leon",
    "country": "ES",
    "city": "Barcelona",
    "province": "Barcelona",
    "bio": "Me encantan los paseos tranquilos, el cine y los cafes largos.",
    "photo": "profiles/demo_ai/women/women_portrait_13.png",
    "goals": [
      "talk",
      "groups",
      "dating",
      "friendship"
    ],
    "interests": [
      "pets",
      "sports",
      "gaming",
      "art",
      "walks"
    ],
    "social_preferences": [
      "chat_first",
      "slow_pace"
    ],
    "dating_preferences": {},
    "health_context": [
      "anxiety",
      "epilepsy"
    ],
    "sex": "woman",
    "orientation": "heterosexual",
    "birth_date": "1995-07-04",
    "height_cm": 157,
    "weight_kg": 104,
    "smoker": "no",
    "accessibility_notes": "",
    "accessibility_visibility": "public",
    "open_to_nearby": true,
    "open_to_online": false,
    "onboarding_completed": true,
    "created_at": "2026-06-23T04:44:32.820Z",
    "updated_at": "2026-06-23T04:44:32.820Z"
  }
},
{
  "model": "accounts.profile",
  "pk": 447,
  "fields": {
    "user": [
      "vera_fuentes_14"
    ],
    "display_name": "Vera Fuentes",
    "country": "ES",
    "city": "Badalona",
    "province": "Barcelona",
    "bio": "Estoy aqui para conocer personas afines y construir algo bonito poco a poco.",
    "photo": "profiles/demo_ai/women/women_portrait_14.png",
    "goals": [
      "friendship",
      "groups",
      "dating",
      "talk"
    ],
    "interests": [
      "gaming",
      "art",
      "cinema",
      "cafe",
      "sports",
      "support"
    ],
    "social_preferences": [
      "clear_plans",
      "small_groups"
    ],
    "dating_preferences": {},
    "health_context": [
      "depression"
    ],
    "sex": "woman",
    "orientation": "bisexual",
    "birth_date": "2003-05-21",
    "height_cm": 193,
    "weight_kg": 56,
    "smoker": "sometimes",
    "accessibility_notes": "",
    "accessibility_visibility": "public",
    "open_to_nearby": true,
    "open_to_online": false,
    "onboarding_completed": true,
    "created_at": "2026-06-23T04:44:33.974Z",
    "updated_at": "2026-06-23T04:44:33.974Z"
  }
},
{
  "model": "accounts.profile",
  "pk": 448,
  "fields": {
    "user": [
      "carmen_prieto_15"
    ],
    "display_name": "Carmen Prieto",
    "country": "ES",
    "city": "Madrid",
    "province": "Madrid",
    "bio": "Busco una conexion honesta, sin prisas y con buena conversacion.",
    "photo": "profiles/demo_ai/women/women_portrait_15.png",
    "goals": [
      "dating",
      "groups",
      "talk",
      "friendship"
    ],
    "interests": [
      "sports",
      "pets",
      "art",
      "walks",
      "gaming",
      "music"
    ],
    "social_preferences": [
      "clear_plans",
      "slow_pace",
      "chat_first"
    ],
    "dating_preferences": {},
    "health_context": [
      "insomnia"
    ],
    "sex": "woman",
    "orientation": "heterosexual",
    "birth_date": "2002-04-01",
    "height_cm": 165,
    "weight_kg": 49,
    "smoker": "sometimes",
    "accessibility_notes": "",
    "accessibility_visibility": "public",
    "open_to_nearby": true,
    "open_to_online": true,
    "onboarding_completed": true,
    "created_at": "2026-06-23T04:44:35.146Z",
    "updated_at": "2026-06-23T04:44:35.146Z"
  }
},
{
  "model": "accounts.profile",
  "pk": 449,
  "fields": {
    "user": [
      "ines_ramos_16"
    ],
    "display_name": "Ines Ramos",
    "country": "ES",
    "city": "Valladolid",
    "province": "Valladolid",
    "bio": "Valoro la empatia, el humor y los planes accesibles.",
    "photo": "profiles/demo_ai/women/women_portrait_16.png",
    "goals": [
      "groups",
      "dating",
      "friendship"
    ],
    "interests": [
      "art",
      "cafe",
      "gaming",
      "reading",
      "cinema"
    ],
    "social_preferences": [
      "slow_pace",
      "quiet_places",
      "small_groups"
    ],
    "dating_preferences": {},
    "health_context": [
      "intellectual_disability"
    ],
    "sex": "woman",
    "orientation": "heterosexual",
    "birth_date": "1994-06-14",
    "height_cm": 169,
    "weight_kg": 93,
    "smoker": "sometimes",
    "accessibility_notes": "",
    "accessibility_visibility": "public",
    "open_to_nearby": true,
    "open_to_online": false,
    "onboarding_completed": true,
    "created_at": "2026-06-23T04:44:36.322Z",
    "updated_at": "2026-06-23T04:44:36.322Z"
  }
},
{
  "model": "accounts.profile",
  "pk": 450,
  "fields": {
    "user": [
      "carlos_iglesias_17"
    ],
    "display_name": "Carlos Iglesias",
    "country": "ES",
    "city": "Sabadell",
    "province": "Barcelona",
    "bio": "Me gusta conocer gente con calma, hablar primero y hacer planes sencillos.",
    "photo": "profiles/demo_ai/men/men_portrait_17.png",
    "goals": [
      "groups",
      "dating",
      "friendship",
      "talk"
    ],
    "interests": [
      "reading",
      "sports",
      "support",
      "pets",
      "cinema"
    ],
    "social_preferences": [
      "slow_pace",
      "chat_first"
    ],
    "dating_preferences": {},
    "health_context": [
      "anxiety"
    ],
    "sex": "man",
    "orientation": "heterosexual",
    "birth_date": "1999-05-25",
    "height_cm": 156,
    "weight_kg": 52,
    "smoker": "no",
    "accessibility_notes": "",
    "accessibility_visibility": "public",
    "open_to_nearby": true,
    "open_to_online": true,
    "onboarding_completed": true,
    "created_at": "2026-06-23T04:44:37.492Z",
    "updated_at": "2026-06-23T04:44:37.492Z"
  }
},
{
  "model": "accounts.profile",
  "pk": 451,
  "fields": {
    "user": [
      "dani_cortes_18"
    ],
    "display_name": "Dani Cortes",
    "country": "ES",
    "city": "Bilbao",
    "province": "Bizkaia",
    "bio": "Prefiero empezar por chat y quedar cuando ambas personas estemos comodas.",
    "photo": "profiles/demo_ai/men/men_portrait_18.png",
    "goals": [
      "talk",
      "dating",
      "groups"
    ],
    "interests": [
      "sports",
      "reading",
      "pets",
      "cinema",
      "art",
      "support"
    ],
    "social_preferences": [
      "clear_plans",
      "slow_pace",
      "small_groups"
    ],
    "dating_preferences": {},
    "health_context": [
      "cardiorespiratory_condition",
      "fibromyalgia"
    ],
    "sex": "man",
    "orientation": "heterosexual",
    "birth_date": "1975-04-15",
    "height_cm": 181,
    "weight_kg": 100,
    "smoker": "sometimes",
    "accessibility_notes": "",
    "accessibility_visibility": "public",
    "open_to_nearby": true,
    "open_to_online": false,
    "onboarding_completed": true,
    "created_at": "2026-06-23T04:44:38.616Z",
    "updated_at": "2026-06-23T04:44:38.616Z"
  }
},
{
  "model": "accounts.profile",
  "pk": 452,
  "fields": {
    "user": [
      "sergio_bravo_19"
    ],
    "display_name": "Sergio Bravo",
    "country": "ES",
    "city": "Valencia",
    "province": "Valencia",
    "bio": "Disfruto de la musica, los planes culturales y las tardes tranquilas.",
    "photo": "profiles/demo_ai/men/men_portrait_19.png",
    "goals": [
      "friendship",
      "groups",
      "dating",
      "talk"
    ],
    "interests": [
      "cafe",
      "gaming",
      "music",
      "walks"
    ],
    "social_preferences": [
      "quiet_places",
      "chat_first",
      "small_groups"
    ],
    "dating_preferences": {},
    "health_context": [
      "brain_injury"
    ],
    "sex": "man",
    "orientation": "heterosexual",
    "birth_date": "1997-12-19",
    "height_cm": 192,
    "weight_kg": 98,
    "smoker": "no",
    "accessibility_notes": "",
    "accessibility_visibility": "public",
    "open_to_nearby": true,
    "open_to_online": true,
    "onboarding_completed": true,
    "created_at": "2026-06-23T04:44:39.772Z",
    "updated_at": "2026-06-23T04:44:39.772Z"
  }
},
{
  "model": "accounts.profile",
  "pk": 453,
  "fields": {
    "user": [
      "iker_vega_20"
    ],
    "display_name": "Iker Vega",
    "country": "ES",
    "city": "Sabadell",
    "province": "Barcelona",
    "bio": "Busco una conexion honesta, sin prisas y con buena conversacion.",
    "photo": "profiles/demo_ai/men/men_portrait_20.png",
    "goals": [
      "friendship",
      "groups",
      "dating",
      "talk"
    ],
    "interests": [
      "music",
      "cafe",
      "cinema"
    ],
    "social_preferences": [
      "slow_pace",
      "chat_first",
      "clear_plans"
    ],
    "dating_preferences": {},
    "health_context": [
      "pain_fatigue",
      "hearing_disability"
    ],
    "sex": "man",
    "orientation": "bisexual",
    "birth_date": "1980-09-03",
    "height_cm": 165,
    "weight_kg": 83,
    "smoker": "no",
    "accessibility_notes": "",
    "accessibility_visibility": "public",
    "open_to_nearby": true,
    "open_to_online": true,
    "onboarding_completed": true,
    "created_at": "2026-06-23T04:44:40.993Z",
    "updated_at": "2026-06-23T04:44:40.994Z"
  }
},
{
  "model": "accounts.profile",
  "pk": 454,
  "fields": {
    "user": [
      "hugo_castro_21"
    ],
    "display_name": "Hugo Castro",
    "country": "ES",
    "city": "Zaragoza",
    "province": "Zaragoza",
    "bio": "Me encantan los paseos tranquilos, el cine y los cafes largos.",
    "photo": "profiles/demo_ai/men/men_portrait_21.png",
    "goals": [
      "groups",
      "dating"
    ],
    "interests": [
      "cinema",
      "reading",
      "cafe",
      "gaming",
      "walks"
    ],
    "social_preferences": [
      "quiet_places"
    ],
    "dating_preferences": {},
    "health_context": [
      "burnout",
      "depression"
    ],
    "sex": "man",
    "orientation": "heterosexual",
    "birth_date": "1975-02-27",
    "height_cm": 186,
    "weight_kg": 83,
    "smoker": "sometimes",
    "accessibility_notes": "",
    "accessibility_visibility": "public",
    "open_to_nearby": true,
    "open_to_online": true,
    "onboarding_completed": true,
    "created_at": "2026-06-23T04:44:42.193Z",
    "updated_at": "2026-06-23T04:44:42.193Z"
  }
},
{
  "model": "accounts.profile",
  "pk": 455,
  "fields": {
    "user": [
      "mario_campos_22"
    ],
    "display_name": "Mario Campos",
    "country": "ES",
    "city": "Sabadell",
    "province": "Barcelona",
    "bio": "Estoy aqui para conocer personas afines y construir algo bonito poco a poco.",
    "photo": "profiles/demo_ai/men/men_portrait_22.png",
    "goals": [
      "groups",
      "dating",
      "talk",
      "friendship"
    ],
    "interests": [
      "sports",
      "walks",
      "cinema",
      "support",
      "gaming"
    ],
    "social_preferences": [
      "chat_first",
      "slow_pace",
      "clear_plans"
    ],
    "dating_preferences": {},
    "health_context": [
      "diabetes"
    ],
    "sex": "man",
    "orientation": "homosexual",
    "birth_date": "1972-10-27",
    "height_cm": 190,
    "weight_kg": 74,
    "smoker": "no",
    "accessibility_notes": "",
    "accessibility_visibility": "public",
    "open_to_nearby": true,
    "open_to_online": true,
    "onboarding_completed": true,
    "created_at": "2026-06-23T04:44:43.339Z",
    "updated_at": "2026-06-23T04:44:43.339Z"
  }
},
{
  "model": "accounts.profile",
  "pk": 456,
  "fields": {
    "user": [
      "adrian_pardo_23"
    ],
    "display_name": "Adrian Pardo",
    "country": "ES",
    "city": "Sevilla",
    "province": "Sevilla",
    "bio": "Prefiero empezar por chat y quedar cuando ambas personas estemos comodas.",
    "photo": "profiles/demo_ai/men/men_portrait_23.png",
    "goals": [
      "talk",
      "friendship",
      "dating",
      "groups"
    ],
    "interests": [
      "cinema",
      "walks",
      "reading",
      "support",
      "cafe"
    ],
    "social_preferences": [
      "quiet_places",
      "chat_first"
    ],
    "dating_preferences": {},
    "health_context": [
      "hearing_disability"
    ],
    "sex": "man",
    "orientation": "heterosexual",
    "birth_date": "2000-01-02",
    "height_cm": 171,
    "weight_kg": 60,
    "smoker": "sometimes",
    "accessibility_notes": "",
    "accessibility_visibility": "public",
    "open_to_nearby": true,
    "open_to_online": true,
    "onboarding_completed": true,
    "created_at": "2026-06-23T04:44:44.509Z",
    "updated_at": "2026-06-23T04:44:44.509Z"
  }
},
{
  "model": "accounts.profile",
  "pk": 457,
  "fields": {
    "user": [
      "javi_sanz_24"
    ],
    "display_name": "Javi Sanz",
    "country": "ES",
    "city": "Valladolid",
    "province": "Valladolid",
    "bio": "Disfruto de la musica, los planes culturales y las tardes tranquilas.",
    "photo": "profiles/demo_ai/men/men_portrait_24.png",
    "goals": [
      "friendship",
      "talk",
      "dating",
      "groups"
    ],
    "interests": [
      "reading",
      "support",
      "gaming",
      "cafe",
      "music",
      "art"
    ],
    "social_preferences": [
      "small_groups",
      "clear_plans"
    ],
    "dating_preferences": {},
    "health_context": [
      "visual_disability"
    ],
    "sex": "man",
    "orientation": "homosexual",
    "birth_date": "1969-02-25",
    "height_cm": 187,
    "weight_kg": 68,
    "smoker": "sometimes",
    "accessibility_notes": "",
    "accessibility_visibility": "public",
    "open_to_nearby": true,
    "open_to_online": true,
    "onboarding_completed": true,
    "created_at": "2026-06-23T04:44:45.769Z",
    "updated_at": "2026-06-23T04:44:45.769Z"
  }
},
{
  "model": "accounts.profile",
  "pk": 458,
  "fields": {
    "user": [
      "leo_soler_25"
    ],
    "display_name": "Leo Soler",
    "country": "ES",
    "city": "Murcia",
    "province": "Murcia",
    "bio": "Me apetecen planes pequenos, gente cercana y conversaciones naturales.",
    "photo": "profiles/demo_ai/men/men_portrait_25.png",
    "goals": [
      "groups",
      "dating",
      "friendship"
    ],
    "interests": [
      "sports",
      "cinema",
      "pets",
      "support"
    ],
    "social_preferences": [
      "clear_plans",
      "quiet_places",
      "slow_pace"
    ],
    "dating_preferences": {},
    "health_context": [
      "pain_fatigue"
    ],
    "sex": "man",
    "orientation": "homosexual",
    "birth_date": "2004-12-22",
    "height_cm": 182,
    "weight_kg": 60,
    "smoker": "no",
    "accessibility_notes": "",
    "accessibility_visibility": "public",
    "open_to_nearby": true,
    "open_to_online": true,
    "onboarding_completed": true,
    "created_at": "2026-06-23T04:44:46.992Z",
    "updated_at": "2026-06-23T04:44:46.992Z"
  }
},
{
  "model": "accounts.profile",
  "pk": 459,
  "fields": {
    "user": [
      "ruben_molina_26"
    ],
    "display_name": "Ruben Molina",
    "country": "ES",
    "city": "Valladolid",
    "province": "Valladolid",
    "bio": "Valoro la empatia, el humor y los planes accesibles.",
    "photo": "profiles/demo_ai/men/men_portrait_26.png",
    "goals": [
      "friendship",
      "dating",
      "talk",
      "groups"
    ],
    "interests": [
      "walks",
      "art",
      "cinema",
      "reading",
      "gaming"
    ],
    "social_preferences": [
      "small_groups"
    ],
    "dating_preferences": {},
    "health_context": [
      "ptsd",
      "diabetes"
    ],
    "sex": "man",
    "orientation": "bisexual",
    "birth_date": "1977-01-28",
    "height_cm": 189,
    "weight_kg": 87,
    "smoker": "sometimes",
    "accessibility_notes": "",
    "accessibility_visibility": "public",
    "open_to_nearby": true,
    "open_to_online": true,
    "onboarding_completed": true,
    "created_at": "2026-06-23T04:44:48.117Z",
    "updated_at": "2026-06-23T04:44:48.117Z"
  }
},
{
  "model": "accounts.profile",
  "pk": 460,
  "fields": {
    "user": [
      "samuel_santos_27"
    ],
    "display_name": "Samuel Santos",
    "country": "ES",
    "city": "Hospitalet de Llobregat",
    "province": "Barcelona",
    "bio": "Estoy aqui para conocer personas afines y construir algo bonito poco a poco.",
    "photo": "profiles/demo_ai/men/men_portrait_27.png",
    "goals": [
      "dating",
      "friendship"
    ],
    "interests": [
      "reading",
      "music",
      "cafe",
      "sports",
      "walks",
      "art"
    ],
    "social_preferences": [
      "chat_first",
      "quiet_places"
    ],
    "dating_preferences": {},
    "health_context": [
      "autism",
      "intellectual_disability"
    ],
    "sex": "man",
    "orientation": "heterosexual",
    "birth_date": "1999-06-10",
    "height_cm": 182,
    "weight_kg": 66,
    "smoker": "sometimes",
    "accessibility_notes": "",
    "accessibility_visibility": "public",
    "open_to_nearby": true,
    "open_to_online": true,
    "onboarding_completed": true,
    "created_at": "2026-06-23T04:44:49.266Z",
    "updated_at": "2026-06-23T04:44:49.266Z"
  }
},
{
  "model": "accounts.profile",
  "pk": 461,
  "fields": {
    "user": [
      "bruno_rey_28"
    ],
    "display_name": "Bruno Rey",
    "country": "ES",
    "city": "Sabadell",
    "province": "Barcelona",
    "bio": "Estoy aqui para conocer personas afines y construir algo bonito poco a poco.",
    "photo": "profiles/demo_ai/men/men_portrait_28.png",
    "goals": [
      "talk",
      "dating",
      "groups",
      "friendship"
    ],
    "interests": [
      "sports",
      "art",
      "cafe",
      "walks",
      "pets"
    ],
    "social_preferences": [
      "clear_plans"
    ],
    "dating_preferences": {},
    "health_context": [
      "psychosis"
    ],
    "sex": "man",
    "orientation": "pansexual",
    "birth_date": "1981-05-06",
    "height_cm": 189,
    "weight_kg": 89,
    "smoker": "no",
    "accessibility_notes": "",
    "accessibility_visibility": "public",
    "open_to_nearby": true,
    "open_to_online": false,
    "onboarding_completed": true,
    "created_at": "2026-06-23T04:44:50.435Z",
    "updated_at": "2026-06-23T04:44:50.435Z"
  }
},
{
  "model": "accounts.profile",
  "pk": 462,
  "fields": {
    "user": [
      "pablo_gil_29"
    ],
    "display_name": "Pablo Gil",
    "country": "ES",
    "city": "Murcia",
    "province": "Murcia",
    "bio": "Me apetecen planes pequenos, gente cercana y conversaciones naturales.",
    "photo": "profiles/demo_ai/men/men_portrait_29.png",
    "goals": [
      "dating",
      "friendship"
    ],
    "interests": [
      "music",
      "walks",
      "reading",
      "art",
      "support",
      "gaming"
    ],
    "social_preferences": [
      "clear_plans"
    ],
    "dating_preferences": {},
    "health_context": [
      "prefer_not_detail",
      "grief"
    ],
    "sex": "man",
    "orientation": "pansexual",
    "birth_date": "1973-10-01",
    "height_cm": 159,
    "weight_kg": 105,
    "smoker": "no",
    "accessibility_notes": "",
    "accessibility_visibility": "public",
    "open_to_nearby": true,
    "open_to_online": false,
    "onboarding_completed": true,
    "created_at": "2026-06-23T04:44:51.653Z",
    "updated_at": "2026-06-23T04:44:51.653Z"
  }
},
{
  "model": "accounts.profile",
  "pk": 463,
  "fields": {
    "user": [
      "diego_marin_30"
    ],
    "display_name": "Diego Marin",
    "country": "ES",
    "city": "Badalona",
    "province": "Barcelona",
    "bio": "Me encantan los paseos tranquilos, el cine y los cafes largos.",
    "photo": "profiles/demo_ai/men/men_portrait_30.png",
    "goals": [
      "dating",
      "talk"
    ],
    "interests": [
      "sports",
      "cafe",
      "pets",
      "walks",
      "cinema",
      "gaming"
    ],
    "social_preferences": [
      "small_groups"
    ],
    "dating_preferences": {},
    "health_context": [
      "cardiorespiratory_condition"
    ],
    "sex": "man",
    "orientation": "heterosexual",
    "birth_date": "1997-09-17",
    "height_cm": 186,
    "weight_kg": 83,
    "smoker": "sometimes",
    "accessibility_notes": "",
    "accessibility_visibility": "public",
    "open_to_nearby": true,
    "open_to_online": false,
    "onboarding_completed": true,
    "created_at": "2026-06-23T04:44:52.786Z",
    "updated_at": "2026-06-23T04:44:52.786Z"
  }
},
{
  "model": "accounts.profile",
  "pk": 464,
  "fields": {
    "user": [
      "marcos_navas_31"
    ],
    "display_name": "Marcos Navas",
    "country": "ES",
    "city": "Bilbao",
    "province": "Bizkaia",
    "bio": "Estoy aqui para conocer personas afines y construir algo bonito poco a poco.",
    "photo": "profiles/demo_ai/men/men_portrait_31.png",
    "goals": [
      "dating",
      "talk"
    ],
    "interests": [
      "art",
      "cinema",
      "sports",
      "gaming",
      "support",
      "walks"
    ],
    "social_preferences": [
      "slow_pace"
    ],
    "dating_preferences": {},
    "health_context": [
      "rare_disease"
    ],
    "sex": "man",
    "orientation": "heterosexual",
    "birth_date": "1982-12-15",
    "height_cm": 162,
    "weight_kg": 71,
    "smoker": "sometimes",
    "accessibility_notes": "",
    "accessibility_visibility": "public",
    "open_to_nearby": true,
    "open_to_online": false,
    "onboarding_completed": true,
    "created_at": "2026-06-23T04:44:53.990Z",
    "updated_at": "2026-06-23T04:44:53.990Z"
  }
},
{
  "model": "accounts.profile",
  "pk": 465,
  "fields": {
    "user": [
      "mateo_herrera_32"
    ],
    "display_name": "Mateo Herrera",
    "country": "ES",
    "city": "Vigo",
    "province": "Pontevedra",
    "bio": "Busco una conexion honesta, sin prisas y con buena conversacion.",
    "photo": "profiles/demo_ai/men/men_portrait_32.png",
    "goals": [
      "groups",
      "friendship",
      "dating",
      "talk"
    ],
    "interests": [
      "walks",
      "cinema",
      "music"
    ],
    "social_preferences": [
      "small_groups"
    ],
    "dating_preferences": {},
    "health_context": [
      "adhd"
    ],
    "sex": "man",
    "orientation": "heterosexual",
    "birth_date": "1994-04-20",
    "height_cm": 181,
    "weight_kg": 93,
    "smoker": "sometimes",
    "accessibility_notes": "",
    "accessibility_visibility": "public",
    "open_to_nearby": true,
    "open_to_online": true,
    "onboarding_completed": true,
    "created_at": "2026-06-23T04:44:55.171Z",
    "updated_at": "2026-06-23T04:44:55.171Z"
  }
},
{
  "model": "accounts.profile",
  "pk": 466,
  "fields": {
    "user": [
      "lucia_lozano_33"
    ],
    "display_name": "Lucia Lozano",
    "country": "ES",
    "city": "Sabadell",
    "province": "Barcelona",
    "bio": "Me encantan los paseos tranquilos, el cine y los cafes largos.",
    "photo": "profiles/demo_ai/women/women_portrait_33.png",
    "goals": [
      "dating",
      "friendship",
      "groups"
    ],
    "interests": [
      "art",
      "pets",
      "reading",
      "walks",
      "music"
    ],
    "social_preferences": [
      "quiet_places",
      "small_groups",
      "slow_pace"
    ],
    "dating_preferences": {},
    "health_context": [
      "cardiorespiratory_condition",
      "depression"
    ],
    "sex": "woman",
    "orientation": "asexual",
    "birth_date": "1969-08-04",
    "height_cm": 171,
    "weight_kg": 69,
    "smoker": "sometimes",
    "accessibility_notes": "",
    "accessibility_visibility": "public",
    "open_to_nearby": true,
    "open_to_online": true,
    "onboarding_completed": true,
    "created_at": "2026-06-23T04:44:56.393Z",
    "updated_at": "2026-06-23T04:44:56.393Z"
  }
},
{
  "model": "accounts.profile",
  "pk": 467,
  "fields": {
    "user": [
      "clara_ortega_34"
    ],
    "display_name": "Clara Ortega",
    "country": "ES",
    "city": "Bilbao",
    "province": "Bizkaia",
    "bio": "Me encantan los paseos tranquilos, el cine y los cafes largos.",
    "photo": "profiles/demo_ai/women/women_portrait_34.png",
    "goals": [
      "friendship",
      "talk",
      "dating",
      "groups"
    ],
    "interests": [
      "reading",
      "walks",
      "sports",
      "cafe",
      "pets",
      "cinema"
    ],
    "social_preferences": [
      "small_groups",
      "quiet_places",
      "clear_plans"
    ],
    "dating_preferences": {},
    "health_context": [
      "grief"
    ],
    "sex": "woman",
    "orientation": "heterosexual",
    "birth_date": "1987-12-04",
    "height_cm": 168,
    "weight_kg": 103,
    "smoker": "sometimes",
    "accessibility_notes": "",
    "accessibility_visibility": "public",
    "open_to_nearby": true,
    "open_to_online": false,
    "onboarding_completed": true,
    "created_at": "2026-06-23T04:44:57.563Z",
    "updated_at": "2026-06-23T04:44:57.563Z"
  }
},
{
  "model": "accounts.profile",
  "pk": 468,
  "fields": {
    "user": [
      "marta_vidal_35"
    ],
    "display_name": "Marta Vidal",
    "country": "ES",
    "city": "Vigo",
    "province": "Pontevedra",
    "bio": "Busco una conexion honesta, sin prisas y con buena conversacion.",
    "photo": "profiles/demo_ai/women/women_portrait_35.png",
    "goals": [
      "friendship",
      "dating"
    ],
    "interests": [
      "walks",
      "support",
      "gaming",
      "pets",
      "reading",
      "sports"
    ],
    "social_preferences": [
      "chat_first",
      "clear_plans"
    ],
    "dating_preferences": {},
    "health_context": [
      "intellectual_disability",
      "eating_disorder"
    ],
    "sex": "woman",
    "orientation": "heterosexual",
    "birth_date": "1987-06-20",
    "height_cm": 158,
    "weight_kg": 64,
    "smoker": "no",
    "accessibility_notes": "",
    "accessibility_visibility": "public",
    "open_to_nearby": true,
    "open_to_online": true,
    "onboarding_completed": true,
    "created_at": "2026-06-23T04:44:58.720Z",
    "updated_at": "2026-06-23T04:44:58.720Z"
  }
},
{
  "model": "accounts.profile",
  "pk": 469,
  "fields": {
    "user": [
      "nerea_ruiz_36"
    ],
    "display_name": "Nerea Ruiz",
    "country": "ES",
    "city": "Bilbao",
    "province": "Bizkaia",
    "bio": "Me apetecen planes pequenos, gente cercana y conversaciones naturales.",
    "photo": "profiles/demo_ai/women/women_portrait_36.png",
    "goals": [
      "talk",
      "dating"
    ],
    "interests": [
      "sports",
      "music",
      "cafe",
      "gaming"
    ],
    "social_preferences": [
      "small_groups",
      "chat_first"
    ],
    "dating_preferences": {},
    "health_context": [
      "autism",
      "cardiorespiratory_condition"
    ],
    "sex": "woman",
    "orientation": "heterosexual",
    "birth_date": "1975-10-19",
    "height_cm": 169,
    "weight_kg": 98,
    "smoker": "no",
    "accessibility_notes": "",
    "accessibility_visibility": "public",
    "open_to_nearby": true,
    "open_to_online": true,
    "onboarding_completed": true,
    "created_at": "2026-06-23T04:44:59.931Z",
    "updated_at": "2026-06-23T04:44:59.931Z"
  }
},
{
  "model": "accounts.profile",
  "pk": 470,
  "fields": {
    "user": [
      "laura_leon_37"
    ],
    "display_name": "Laura Leon",
    "country": "ES",
    "city": "Sevilla",
    "province": "Sevilla",
    "bio": "Me encantan los paseos tranquilos, el cine y los cafes largos.",
    "photo": "profiles/demo_ai/women/women_portrait_37.png",
    "goals": [
      "groups",
      "dating",
      "friendship"
    ],
    "interests": [
      "cinema",
      "reading",
      "music",
      "art",
      "sports",
      "pets"
    ],
    "social_preferences": [
      "small_groups"
    ],
    "dating_preferences": {},
    "health_context": [
      "ptsd",
      "chronic_illness"
    ],
    "sex": "woman",
    "orientation": "heterosexual",
    "birth_date": "1973-01-09",
    "height_cm": 189,
    "weight_kg": 97,
    "smoker": "no",
    "accessibility_notes": "",
    "accessibility_visibility": "public",
    "open_to_nearby": true,
    "open_to_online": true,
    "onboarding_completed": true,
    "created_at": "2026-06-23T04:45:01.116Z",
    "updated_at": "2026-06-23T04:45:01.116Z"
  }
},
{
  "model": "accounts.profile",
  "pk": 471,
  "fields": {
    "user": [
      "paula_fuentes_38"
    ],
    "display_name": "Paula Fuentes",
    "country": "ES",
    "city": "Cornella de Llobregat",
    "province": "Barcelona",
    "bio": "Estoy aqui para conocer personas afines y construir algo bonito poco a poco.",
    "photo": "profiles/demo_ai/women/women_portrait_38.png",
    "goals": [
      "dating",
      "groups"
    ],
    "interests": [
      "gaming",
      "cafe",
      "sports"
    ],
    "social_preferences": [
      "slow_pace",
      "quiet_places"
    ],
    "dating_preferences": {},
    "health_context": [
      "depression",
      "fibromyalgia"
    ],
    "sex": "woman",
    "orientation": "pansexual",
    "birth_date": "1971-10-17",
    "height_cm": 156,
    "weight_kg": 67,
    "smoker": "no",
    "accessibility_notes": "",
    "accessibility_visibility": "public",
    "open_to_nearby": true,
    "open_to_online": true,
    "onboarding_completed": true,
    "created_at": "2026-06-23T04:45:02.311Z",
    "updated_at": "2026-06-23T04:45:02.311Z"
  }
},
{
  "model": "accounts.profile",
  "pk": 472,
  "fields": {
    "user": [
      "sara_prieto_39"
    ],
    "display_name": "Sara Prieto",
    "country": "ES",
    "city": "Badalona",
    "province": "Barcelona",
    "bio": "Busco una conexion honesta, sin prisas y con buena conversacion.",
    "photo": "profiles/demo_ai/women/women_portrait_39.png",
    "goals": [
      "dating",
      "groups",
      "talk"
    ],
    "interests": [
      "gaming",
      "art",
      "cinema",
      "pets"
    ],
    "social_preferences": [
      "clear_plans"
    ],
    "dating_preferences": {},
    "health_context": [
      "adhd",
      "eating_disorder"
    ],
    "sex": "woman",
    "orientation": "heterosexual",
    "birth_date": "1997-10-11",
    "height_cm": 191,
    "weight_kg": 54,
    "smoker": "no",
    "accessibility_notes": "",
    "accessibility_visibility": "public",
    "open_to_nearby": true,
    "open_to_online": true,
    "onboarding_completed": true,
    "created_at": "2026-06-23T04:45:03.464Z",
    "updated_at": "2026-06-23T04:45:03.464Z"
  }
},
{
  "model": "accounts.profile",
  "pk": 473,
  "fields": {
    "user": [
      "elena_ramos_40"
    ],
    "display_name": "Elena Ramos",
    "country": "ES",
    "city": "Granada",
    "province": "Granada",
    "bio": "Me encantan los paseos tranquilos, el cine y los cafes largos.",
    "photo": "profiles/demo_ai/women/women_portrait_40.png",
    "goals": [
      "dating",
      "groups"
    ],
    "interests": [
      "art",
      "cinema",
      "music",
      "gaming",
      "walks",
      "cafe"
    ],
    "social_preferences": [
      "quiet_places",
      "clear_plans",
      "slow_pace"
    ],
    "dating_preferences": {},
    "health_context": [
      "eating_disorder"
    ],
    "sex": "woman",
    "orientation": "asexual",
    "birth_date": "1978-02-15",
    "height_cm": 190,
    "weight_kg": 64,
    "smoker": "sometimes",
    "accessibility_notes": "",
    "accessibility_visibility": "public",
    "open_to_nearby": true,
    "open_to_online": true,
    "onboarding_completed": true,
    "created_at": "2026-06-23T04:45:04.680Z",
    "updated_at": "2026-06-23T04:45:04.680Z"
  }
},
{
  "model": "accounts.profile",
  "pk": 474,
  "fields": {
    "user": [
      "irene_iglesias_41"
    ],
    "display_name": "Irene Iglesias",
    "country": "ES",
    "city": "Barcelona",
    "province": "Barcelona",
    "bio": "Me encantan los paseos tranquilos, el cine y los cafes largos.",
    "photo": "profiles/demo_ai/women/women_portrait_41.png",
    "goals": [
      "dating",
      "talk"
    ],
    "interests": [
      "reading",
      "pets",
      "art",
      "support",
      "cafe",
      "gaming"
    ],
    "social_preferences": [
      "clear_plans",
      "quiet_places"
    ],
    "dating_preferences": {},
    "health_context": [
      "other"
    ],
    "sex": "woman",
    "orientation": "heterosexual",
    "birth_date": "1992-05-26",
    "height_cm": 180,
    "weight_kg": 83,
    "smoker": "no",
    "accessibility_notes": "",
    "accessibility_visibility": "public",
    "open_to_nearby": true,
    "open_to_online": true,
    "onboarding_completed": true,
    "created_at": "2026-06-23T04:45:05.883Z",
    "updated_at": "2026-06-23T04:45:05.883Z"
  }
},
{
  "model": "accounts.profile",
  "pk": 475,
  "fields": {
    "user": [
      "aitana_cortes_42"
    ],
    "display_name": "Aitana Cortes",
    "country": "ES",
    "city": "Valencia",
    "province": "Valencia",
    "bio": "Disfruto de la musica, los planes culturales y las tardes tranquilas.",
    "photo": "profiles/demo_ai/women/women_portrait_42.png",
    "goals": [
      "dating",
      "friendship"
    ],
    "interests": [
      "sports",
      "music",
      "walks",
      "art",
      "pets"
    ],
    "social_preferences": [
      "clear_plans",
      "small_groups",
      "slow_pace"
    ],
    "dating_preferences": {},
    "health_context": [
      "prefer_not_detail",
      "brain_injury"
    ],
    "sex": "woman",
    "orientation": "heterosexual",
    "birth_date": "1990-08-02",
    "height_cm": 194,
    "weight_kg": 58,
    "smoker": "no",
    "accessibility_notes": "",
    "accessibility_visibility": "public",
    "open_to_nearby": true,
    "open_to_online": true,
    "onboarding_completed": true,
    "created_at": "2026-06-23T04:45:07.103Z",
    "updated_at": "2026-06-23T04:45:07.103Z"
  }
},
{
  "model": "accounts.profile",
  "pk": 476,
  "fields": {
    "user": [
      "eva_bravo_43"
    ],
    "display_name": "Eva Bravo",
    "country": "ES",
    "city": "Cornella de Llobregat",
    "province": "Barcelona",
    "bio": "Me gusta conocer gente con calma, hablar primero y hacer planes sencillos.",
    "photo": "profiles/demo_ai/women/women_portrait_43.png",
    "goals": [
      "talk",
      "dating"
    ],
    "interests": [
      "sports",
      "music",
      "art"
    ],
    "social_preferences": [
      "small_groups",
      "slow_pace",
      "quiet_places"
    ],
    "dating_preferences": {},
    "health_context": [
      "visual_disability",
      "ptsd"
    ],
    "sex": "woman",
    "orientation": "homosexual",
    "birth_date": "2001-10-08",
    "height_cm": 188,
    "weight_kg": 61,
    "smoker": "no",
    "accessibility_notes": "",
    "accessibility_visibility": "public",
    "open_to_nearby": true,
    "open_to_online": true,
    "onboarding_completed": true,
    "created_at": "2026-06-23T04:45:08.275Z",
    "updated_at": "2026-06-23T04:45:08.275Z"
  }
},
{
  "model": "accounts.profile",
  "pk": 477,
  "fields": {
    "user": [
      "luna_vega_44"
    ],
    "display_name": "Luna Vega",
    "country": "ES",
    "city": "Vigo",
    "province": "Pontevedra",
    "bio": "Prefiero empezar por chat y quedar cuando ambas personas estemos comodas.",
    "photo": "profiles/demo_ai/women/women_portrait_44.png",
    "goals": [
      "dating",
      "talk",
      "groups"
    ],
    "interests": [
      "support",
      "art",
      "walks",
      "pets"
    ],
    "social_preferences": [
      "small_groups"
    ],
    "dating_preferences": {},
    "health_context": [
      "chronic_illness",
      "learning_disability"
    ],
    "sex": "woman",
    "orientation": "heterosexual",
    "birth_date": "1969-09-18",
    "height_cm": 196,
    "weight_kg": 87,
    "smoker": "no",
    "accessibility_notes": "",
    "accessibility_visibility": "public",
    "open_to_nearby": true,
    "open_to_online": true,
    "onboarding_completed": true,
    "created_at": "2026-06-23T04:45:09.432Z",
    "updated_at": "2026-06-23T04:45:09.432Z"
  }
},
{
  "model": "accounts.profile",
  "pk": 478,
  "fields": {
    "user": [
      "nadia_castro_45"
    ],
    "display_name": "Nadia Castro",
    "country": "ES",
    "city": "Valladolid",
    "province": "Valladolid",
    "bio": "Me apetecen planes pequenos, gente cercana y conversaciones naturales.",
    "photo": "profiles/demo_ai/women/women_portrait_45.png",
    "goals": [
      "talk",
      "dating",
      "friendship",
      "groups"
    ],
    "interests": [
      "cafe",
      "music",
      "art"
    ],
    "social_preferences": [
      "chat_first",
      "clear_plans",
      "slow_pace"
    ],
    "dating_preferences": {},
    "health_context": [
      "adhd",
      "social_anxiety"
    ],
    "sex": "woman",
    "orientation": "bisexual",
    "birth_date": "1990-03-01",
    "height_cm": 174,
    "weight_kg": 74,
    "smoker": "no",
    "accessibility_notes": "",
    "accessibility_visibility": "public",
    "open_to_nearby": true,
    "open_to_online": true,
    "onboarding_completed": true,
    "created_at": "2026-06-23T04:45:10.628Z",
    "updated_at": "2026-06-23T04:45:10.628Z"
  }
},
{
  "model": "accounts.profile",
  "pk": 479,
  "fields": {
    "user": [
      "vera_campos_46"
    ],
    "display_name": "Vera Campos",
    "country": "ES",
    "city": "Bilbao",
    "province": "Bizkaia",
    "bio": "Busco una conexion honesta, sin prisas y con buena conversacion.",
    "photo": "profiles/demo_ai/women/women_portrait_46.png",
    "goals": [
      "talk",
      "groups",
      "dating"
    ],
    "interests": [
      "cafe",
      "pets",
      "support"
    ],
    "social_preferences": [
      "slow_pace",
      "small_groups"
    ],
    "dating_preferences": {},
    "health_context": [
      "insomnia"
    ],
    "sex": "woman",
    "orientation": "heterosexual",
    "birth_date": "1968-03-10",
    "height_cm": 189,
    "weight_kg": 74,
    "smoker": "no",
    "accessibility_notes": "",
    "accessibility_visibility": "public",
    "open_to_nearby": true,
    "open_to_online": true,
    "onboarding_completed": true,
    "created_at": "2026-06-23T04:45:11.832Z",
    "updated_at": "2026-06-23T04:45:11.832Z"
  }
},
{
  "model": "accounts.profile",
  "pk": 480,
  "fields": {
    "user": [
      "carmen_pardo_47"
    ],
    "display_name": "Carmen Pardo",
    "country": "ES",
    "city": "Valladolid",
    "province": "Valladolid",
    "bio": "Busco una conexion honesta, sin prisas y con buena conversacion.",
    "photo": "profiles/demo_ai/women/women_portrait_47.png",
    "goals": [
      "friendship",
      "dating"
    ],
    "interests": [
      "support",
      "cinema",
      "cafe",
      "reading",
      "music",
      "sports"
    ],
    "social_preferences": [
      "chat_first",
      "clear_plans"
    ],
    "dating_preferences": {},
    "health_context": [
      "psychosis",
      "chronic_illness"
    ],
    "sex": "woman",
    "orientation": "heterosexual",
    "birth_date": "1994-12-13",
    "height_cm": 152,
    "weight_kg": 67,
    "smoker": "no",
    "accessibility_notes": "",
    "accessibility_visibility": "public",
    "open_to_nearby": true,
    "open_to_online": true,
    "onboarding_completed": true,
    "created_at": "2026-06-23T04:45:13.014Z",
    "updated_at": "2026-06-23T04:45:13.014Z"
  }
},
{
  "model": "accounts.profile",
  "pk": 481,
  "fields": {
    "user": [
      "ines_sanz_48"
    ],
    "display_name": "Ines Sanz",
    "country": "ES",
    "city": "Alicante",
    "province": "Alicante",
    "bio": "Prefiero empezar por chat y quedar cuando ambas personas estemos comodas.",
    "photo": "profiles/demo_ai/women/women_portrait_48.png",
    "goals": [
      "groups",
      "talk",
      "dating",
      "friendship"
    ],
    "interests": [
      "walks",
      "art",
      "pets",
      "support"
    ],
    "social_preferences": [
      "quiet_places"
    ],
    "dating_preferences": {},
    "health_context": [
      "cardiorespiratory_condition",
      "ocd"
    ],
    "sex": "woman",
    "orientation": "homosexual",
    "birth_date": "2002-04-15",
    "height_cm": 180,
    "weight_kg": 95,
    "smoker": "no",
    "accessibility_notes": "",
    "accessibility_visibility": "public",
    "open_to_nearby": true,
    "open_to_online": true,
    "onboarding_completed": true,
    "created_at": "2026-06-23T04:45:14.187Z",
    "updated_at": "2026-06-23T04:45:14.187Z"
  }
},
{
  "model": "accounts.profile",
  "pk": 482,
  "fields": {
    "user": [
      "carlos_soler_49"
    ],
    "display_name": "Carlos Soler",
    "country": "ES",
    "city": "Hospitalet de Llobregat",
    "province": "Barcelona",
    "bio": "Prefiero empezar por chat y quedar cuando ambas personas estemos comodas.",
    "photo": "profiles/demo_ai/men/men_portrait_17.png",
    "goals": [
      "talk",
      "dating"
    ],
    "interests": [
      "cinema",
      "gaming",
      "reading",
      "art"
    ],
    "social_preferences": [
      "slow_pace"
    ],
    "dating_preferences": {},
    "health_context": [
      "brain_injury"
    ],
    "sex": "man",
    "orientation": "heterosexual",
    "birth_date": "1987-07-23",
    "height_cm": 160,
    "weight_kg": 65,
    "smoker": "no",
    "accessibility_notes": "",
    "accessibility_visibility": "public",
    "open_to_nearby": true,
    "open_to_online": true,
    "onboarding_completed": true,
    "created_at": "2026-06-23T04:45:15.409Z",
    "updated_at": "2026-06-23T04:45:15.409Z"
  }
},
{
  "model": "accounts.profile",
  "pk": 483,
  "fields": {
    "user": [
      "dani_molina_50"
    ],
    "display_name": "Dani Molina",
    "country": "ES",
    "city": "Hospitalet de Llobregat",
    "province": "Barcelona",
    "bio": "Disfruto de la musica, los planes culturales y las tardes tranquilas.",
    "photo": "profiles/demo_ai/men/men_portrait_18.png",
    "goals": [
      "dating",
      "groups"
    ],
    "interests": [
      "music",
      "art",
      "walks",
      "support",
      "cinema",
      "sports"
    ],
    "social_preferences": [
      "chat_first",
      "slow_pace"
    ],
    "dating_preferences": {},
    "health_context": [
      "intellectual_disability",
      "other"
    ],
    "sex": "man",
    "orientation": "homosexual",
    "birth_date": "1987-07-25",
    "height_cm": 171,
    "weight_kg": 87,
    "smoker": "no",
    "accessibility_notes": "",
    "accessibility_visibility": "public",
    "open_to_nearby": true,
    "open_to_online": false,
    "onboarding_completed": true,
    "created_at": "2026-06-23T04:45:16.690Z",
    "updated_at": "2026-06-23T04:45:16.690Z"
  }
},
{
  "model": "accounts.profile",
  "pk": 484,
  "fields": {
    "user": [
      "sergio_santos_51"
    ],
    "display_name": "Sergio Santos",
    "country": "ES",
    "city": "Valladolid",
    "province": "Valladolid",
    "bio": "Me gusta conocer gente con calma, hablar primero y hacer planes sencillos.",
    "photo": "profiles/demo_ai/men/men_portrait_19.png",
    "goals": [
      "dating",
      "groups"
    ],
    "interests": [
      "walks",
      "sports",
      "pets",
      "reading",
      "cafe"
    ],
    "social_preferences": [
      "chat_first"
    ],
    "dating_preferences": {},
    "health_context": [
      "insomnia"
    ],
    "sex": "man",
    "orientation": "homosexual",
    "birth_date": "1990-10-16",
    "height_cm": 175,
    "weight_kg": 55,
    "smoker": "no",
    "accessibility_notes": "",
    "accessibility_visibility": "public",
    "open_to_nearby": true,
    "open_to_online": true,
    "onboarding_completed": true,
    "created_at": "2026-06-23T04:45:17.862Z",
    "updated_at": "2026-06-23T04:45:17.862Z"
  }
},
{
  "model": "accounts.profile",
  "pk": 485,
  "fields": {
    "user": [
      "iker_rey_52"
    ],
    "display_name": "Iker Rey",
    "country": "ES",
    "city": "Alicante",
    "province": "Alicante",
    "bio": "Prefiero empezar por chat y quedar cuando ambas personas estemos comodas.",
    "photo": "profiles/demo_ai/men/men_portrait_20.png",
    "goals": [
      "friendship",
      "dating",
      "talk",
      "groups"
    ],
    "interests": [
      "walks",
      "reading",
      "cafe",
      "gaming"
    ],
    "social_preferences": [
      "slow_pace",
      "clear_plans",
      "small_groups"
    ],
    "dating_preferences": {},
    "health_context": [
      "specific_phobia",
      "insomnia"
    ],
    "sex": "man",
    "orientation": "bisexual",
    "birth_date": "1993-12-20",
    "height_cm": 155,
    "weight_kg": 100,
    "smoker": "sometimes",
    "accessibility_notes": "",
    "accessibility_visibility": "public",
    "open_to_nearby": true,
    "open_to_online": false,
    "onboarding_completed": true,
    "created_at": "2026-06-23T04:45:19.061Z",
    "updated_at": "2026-06-23T04:45:19.061Z"
  }
},
{
  "model": "accounts.profile",
  "pk": 486,
  "fields": {
    "user": [
      "hugo_gil_53"
    ],
    "display_name": "Hugo Gil",
    "country": "ES",
    "city": "Hospitalet de Llobregat",
    "province": "Barcelona",
    "bio": "Estoy aqui para conocer personas afines y construir algo bonito poco a poco.",
    "photo": "profiles/demo_ai/men/men_portrait_21.png",
    "goals": [
      "groups",
      "dating"
    ],
    "interests": [
      "sports",
      "cinema",
      "gaming",
      "walks",
      "reading",
      "support"
    ],
    "social_preferences": [
      "chat_first",
      "slow_pace"
    ],
    "dating_preferences": {},
    "health_context": [
      "specific_phobia"
    ],
    "sex": "man",
    "orientation": "heterosexual",
    "birth_date": "1972-04-11",
    "height_cm": 159,
    "weight_kg": 70,
    "smoker": "no",
    "accessibility_notes": "",
    "accessibility_visibility": "public",
    "open_to_nearby": true,
    "open_to_online": true,
    "onboarding_completed": true,
    "created_at": "2026-06-23T04:45:20.255Z",
    "updated_at": "2026-06-23T04:45:20.256Z"
  }
},
{
  "model": "accounts.profile",
  "pk": 487,
  "fields": {
    "user": [
      "mario_marin_54"
    ],
    "display_name": "Mario Marin",
    "country": "ES",
    "city": "Bilbao",
    "province": "Bizkaia",
    "bio": "Prefiero empezar por chat y quedar cuando ambas personas estemos comodas.",
    "photo": "profiles/demo_ai/men/men_portrait_22.png",
    "goals": [
      "dating",
      "friendship",
      "talk",
      "groups"
    ],
    "interests": [
      "cinema",
      "reading",
      "gaming",
      "support",
      "sports"
    ],
    "social_preferences": [
      "clear_plans",
      "small_groups"
    ],
    "dating_preferences": {},
    "health_context": [
      "burnout"
    ],
    "sex": "man",
    "orientation": "bisexual",
    "birth_date": "1979-01-19",
    "height_cm": 162,
    "weight_kg": 60,
    "smoker": "no",
    "accessibility_notes": "",
    "accessibility_visibility": "public",
    "open_to_nearby": true,
    "open_to_online": true,
    "onboarding_completed": true,
    "created_at": "2026-06-23T04:45:21.397Z",
    "updated_at": "2026-06-23T04:45:21.397Z"
  }
},
{
  "model": "accounts.profile",
  "pk": 488,
  "fields": {
    "user": [
      "adrian_navas_55"
    ],
    "display_name": "Adrian Navas",
    "country": "ES",
    "city": "Cornella de Llobregat",
    "province": "Barcelona",
    "bio": "Busco una conexion honesta, sin prisas y con buena conversacion.",
    "photo": "profiles/demo_ai/men/men_portrait_23.png",
    "goals": [
      "dating",
      "groups"
    ],
    "interests": [
      "sports",
      "music",
      "cafe",
      "reading",
      "walks",
      "pets"
    ],
    "social_preferences": [
      "quiet_places",
      "slow_pace",
      "small_groups"
    ],
    "dating_preferences": {},
    "health_context": [
      "adhd",
      "hypochondria"
    ],
    "sex": "man",
    "orientation": "heterosexual",
    "birth_date": "1982-05-23",
    "height_cm": 168,
    "weight_kg": 59,
    "smoker": "no",
    "accessibility_notes": "",
    "accessibility_visibility": "public",
    "open_to_nearby": true,
    "open_to_online": false,
    "onboarding_completed": true,
    "created_at": "2026-06-23T04:45:22.539Z",
    "updated_at": "2026-06-23T04:45:22.539Z"
  }
},
{
  "model": "accounts.profile",
  "pk": 489,
  "fields": {
    "user": [
      "javi_herrera_56"
    ],
    "display_name": "Javi Herrera",
    "country": "ES",
    "city": "Sabadell",
    "province": "Barcelona",
    "bio": "Me encantan los paseos tranquilos, el cine y los cafes largos.",
    "photo": "profiles/demo_ai/men/men_portrait_24.png",
    "goals": [
      "friendship",
      "dating",
      "talk"
    ],
    "interests": [
      "music",
      "art",
      "sports",
      "cafe"
    ],
    "social_preferences": [
      "slow_pace",
      "clear_plans",
      "chat_first"
    ],
    "dating_preferences": {},
    "health_context": [
      "insomnia"
    ],
    "sex": "man",
    "orientation": "heterosexual",
    "birth_date": "1986-03-28",
    "height_cm": 177,
    "weight_kg": 71,
    "smoker": "no",
    "accessibility_notes": "",
    "accessibility_visibility": "public",
    "open_to_nearby": true,
    "open_to_online": false,
    "onboarding_completed": true,
    "created_at": "2026-06-23T04:45:23.711Z",
    "updated_at": "2026-06-23T04:45:23.711Z"
  }
},
{
  "model": "accounts.profile",
  "pk": 490,
  "fields": {
    "user": [
      "leo_lozano_57"
    ],
    "display_name": "Leo Lozano",
    "country": "ES",
    "city": "Cornella de Llobregat",
    "province": "Barcelona",
    "bio": "Valoro la empatia, el humor y los planes accesibles.",
    "photo": "profiles/demo_ai/men/men_portrait_25.png",
    "goals": [
      "friendship",
      "talk",
      "dating",
      "groups"
    ],
    "interests": [
      "support",
      "sports",
      "gaming",
      "art"
    ],
    "social_preferences": [
      "clear_plans",
      "chat_first"
    ],
    "dating_preferences": {},
    "health_context": [
      "visual_disability"
    ],
    "sex": "man",
    "orientation": "heterosexual",
    "birth_date": "1979-06-16",
    "height_cm": 155,
    "weight_kg": 63,
    "smoker": "no",
    "accessibility_notes": "",
    "accessibility_visibility": "public",
    "open_to_nearby": true,
    "open_to_online": true,
    "onboarding_completed": true,
    "created_at": "2026-06-23T04:45:24.861Z",
    "updated_at": "2026-06-23T04:45:24.861Z"
  }
},
{
  "model": "accounts.profile",
  "pk": 491,
  "fields": {
    "user": [
      "ruben_ortega_58"
    ],
    "display_name": "Ruben Ortega",
    "country": "ES",
    "city": "Malaga",
    "province": "Malaga",
    "bio": "Me gusta conocer gente con calma, hablar primero y hacer planes sencillos.",
    "photo": "profiles/demo_ai/men/men_portrait_26.png",
    "goals": [
      "dating",
      "friendship",
      "talk"
    ],
    "interests": [
      "cafe",
      "walks",
      "cinema",
      "gaming"
    ],
    "social_preferences": [
      "small_groups",
      "slow_pace",
      "quiet_places"
    ],
    "dating_preferences": {},
    "health_context": [
      "social_anxiety"
    ],
    "sex": "man",
    "orientation": "heterosexual",
    "birth_date": "1983-11-24",
    "height_cm": 194,
    "weight_kg": 80,
    "smoker": "sometimes",
    "accessibility_notes": "",
    "accessibility_visibility": "public",
    "open_to_nearby": true,
    "open_to_online": false,
    "onboarding_completed": true,
    "created_at": "2026-06-23T04:45:25.990Z",
    "updated_at": "2026-06-23T04:45:25.990Z"
  }
},
{
  "model": "accounts.profile",
  "pk": 492,
  "fields": {
    "user": [
      "samuel_vidal_59"
    ],
    "display_name": "Samuel Vidal",
    "country": "ES",
    "city": "Sevilla",
    "province": "Sevilla",
    "bio": "Estoy aqui para conocer personas afines y construir algo bonito poco a poco.",
    "photo": "profiles/demo_ai/men/men_portrait_27.png",
    "goals": [
      "dating",
      "friendship"
    ],
    "interests": [
      "cinema",
      "support",
      "sports",
      "gaming",
      "cafe",
      "music"
    ],
    "social_preferences": [
      "quiet_places",
      "clear_plans",
      "slow_pace"
    ],
    "dating_preferences": {},
    "health_context": [
      "rare_disease",
      "autism"
    ],
    "sex": "man",
    "orientation": "heterosexual",
    "birth_date": "2002-07-01",
    "height_cm": 179,
    "weight_kg": 74,
    "smoker": "sometimes",
    "accessibility_notes": "",
    "accessibility_visibility": "public",
    "open_to_nearby": true,
    "open_to_online": false,
    "onboarding_completed": true,
    "created_at": "2026-06-23T04:45:27.149Z",
    "updated_at": "2026-06-23T04:45:27.149Z"
  }
},
{
  "model": "accounts.profile",
  "pk": 493,
  "fields": {
    "user": [
      "bruno_ruiz_60"
    ],
    "display_name": "Bruno Ruiz",
    "country": "ES",
    "city": "Murcia",
    "province": "Murcia",
    "bio": "Me gusta conocer gente con calma, hablar primero y hacer planes sencillos.",
    "photo": "profiles/demo_ai/men/men_portrait_28.png",
    "goals": [
      "talk",
      "friendship",
      "groups",
      "dating"
    ],
    "interests": [
      "gaming",
      "cinema",
      "walks",
      "art",
      "sports"
    ],
    "social_preferences": [
      "quiet_places"
    ],
    "dating_preferences": {},
    "health_context": [
      "ptsd"
    ],
    "sex": "man",
    "orientation": "heterosexual",
    "birth_date": "1986-03-12",
    "height_cm": 158,
    "weight_kg": 69,
    "smoker": "no",
    "accessibility_notes": "",
    "accessibility_visibility": "public",
    "open_to_nearby": true,
    "open_to_online": true,
    "onboarding_completed": true,
    "created_at": "2026-06-23T04:45:28.327Z",
    "updated_at": "2026-06-23T04:45:28.327Z"
  }
},
{
  "model": "accounts.profile",
  "pk": 494,
  "fields": {
    "user": [
      "pablo_leon_61"
    ],
    "display_name": "Pablo Leon",
    "country": "ES",
    "city": "Valladolid",
    "province": "Valladolid",
    "bio": "Me encantan los paseos tranquilos, el cine y los cafes largos.",
    "photo": "profiles/demo_ai/men/men_portrait_29.png",
    "goals": [
      "groups",
      "dating",
      "talk"
    ],
    "interests": [
      "support",
      "gaming",
      "sports",
      "pets",
      "reading"
    ],
    "social_preferences": [
      "clear_plans"
    ],
    "dating_preferences": {},
    "health_context": [
      "depression"
    ],
    "sex": "man",
    "orientation": "heterosexual",
    "birth_date": "1969-05-01",
    "height_cm": 151,
    "weight_kg": 85,
    "smoker": "no",
    "accessibility_notes": "",
    "accessibility_visibility": "public",
    "open_to_nearby": true,
    "open_to_online": true,
    "onboarding_completed": true,
    "created_at": "2026-06-23T04:45:29.559Z",
    "updated_at": "2026-06-23T04:45:29.559Z"
  }
},
{
  "model": "accounts.profile",
  "pk": 495,
  "fields": {
    "user": [
      "diego_fuentes_62"
    ],
    "display_name": "Diego Fuentes",
    "country": "ES",
    "city": "Cornella de Llobregat",
    "province": "Barcelona",
    "bio": "Busco una conexion honesta, sin prisas y con buena conversacion.",
    "photo": "profiles/demo_ai/men/men_portrait_30.png",
    "goals": [
      "dating",
      "groups",
      "talk"
    ],
    "interests": [
      "music",
      "gaming",
      "walks",
      "art"
    ],
    "social_preferences": [
      "chat_first"
    ],
    "dating_preferences": {},
    "health_context": [
      "hearing_disability"
    ],
    "sex": "man",
    "orientation": "bisexual",
    "birth_date": "1993-02-08",
    "height_cm": 177,
    "weight_kg": 74,
    "smoker": "no",
    "accessibility_notes": "",
    "accessibility_visibility": "public",
    "open_to_nearby": true,
    "open_to_online": true,
    "onboarding_completed": true,
    "created_at": "2026-06-23T04:45:30.669Z",
    "updated_at": "2026-06-23T04:45:30.669Z"
  }
},
{
  "model": "accounts.profile",
  "pk": 496,
  "fields": {
    "user": [
      "marcos_prieto_63"
    ],
    "display_name": "Marcos Prieto",
    "country": "ES",
    "city": "Sabadell",
    "province": "Barcelona",
    "bio": "Busco una conexion honesta, sin prisas y con buena conversacion.",
    "photo": "profiles/demo_ai/men/men_portrait_31.png",
    "goals": [
      "groups",
      "friendship",
      "dating",
      "talk"
    ],
    "interests": [
      "support",
      "music",
      "walks"
    ],
    "social_preferences": [
      "slow_pace",
      "small_groups",
      "quiet_places"
    ],
    "dating_preferences": {},
    "health_context": [
      "psychosis",
      "other"
    ],
    "sex": "man",
    "orientation": "heterosexual",
    "birth_date": "1971-08-23",
    "height_cm": 179,
    "weight_kg": 94,
    "smoker": "sometimes",
    "accessibility_notes": "",
    "accessibility_visibility": "public",
    "open_to_nearby": true,
    "open_to_online": true,
    "onboarding_completed": true,
    "created_at": "2026-06-23T04:45:31.865Z",
    "updated_at": "2026-06-23T04:45:31.865Z"
  }
},
{
  "model": "accounts.profile",
  "pk": 497,
  "fields": {
    "user": [
      "mateo_ramos_64"
    ],
    "display_name": "Mateo Ramos",
    "country": "ES",
    "city": "Cornella de Llobregat",
    "province": "Barcelona",
    "bio": "Me gusta conocer gente con calma, hablar primero y hacer planes sencillos.",
    "photo": "profiles/demo_ai/men/men_portrait_32.png",
    "goals": [
      "friendship",
      "talk",
      "dating",
      "groups"
    ],
    "interests": [
      "sports",
      "cinema",
      "music",
      "pets",
      "cafe"
    ],
    "social_preferences": [
      "clear_plans"
    ],
    "dating_preferences": {},
    "health_context": [
      "ptsd"
    ],
    "sex": "man",
    "orientation": "bisexual",
    "birth_date": "1975-09-12",
    "height_cm": 180,
    "weight_kg": 54,
    "smoker": "no",
    "accessibility_notes": "",
    "accessibility_visibility": "public",
    "open_to_nearby": true,
    "open_to_online": true,
    "onboarding_completed": true,
    "created_at": "2026-06-23T04:45:33.011Z",
    "updated_at": "2026-06-23T04:45:33.011Z"
  }
},
{
  "model": "accounts.profile",
  "pk": 498,
  "fields": {
    "user": [
      "lucia_iglesias_65"
    ],
    "display_name": "Lucia Iglesias",
    "country": "ES",
    "city": "Murcia",
    "province": "Murcia",
    "bio": "Disfruto de la musica, los planes culturales y las tardes tranquilas.",
    "photo": "profiles/demo_ai/women/women_portrait_17.png",
    "goals": [
      "groups",
      "dating",
      "friendship"
    ],
    "interests": [
      "reading",
      "support",
      "walks",
      "cinema",
      "music"
    ],
    "social_preferences": [
      "small_groups",
      "chat_first"
    ],
    "dating_preferences": {},
    "health_context": [
      "fibromyalgia",
      "visual_disability"
    ],
    "sex": "woman",
    "orientation": "heterosexual",
    "birth_date": "1997-08-24",
    "height_cm": 194,
    "weight_kg": 90,
    "smoker": "no",
    "accessibility_notes": "",
    "accessibility_visibility": "public",
    "open_to_nearby": true,
    "open_to_online": false,
    "onboarding_completed": true,
    "created_at": "2026-06-23T04:45:34.169Z",
    "updated_at": "2026-06-23T04:45:34.169Z"
  }
},
{
  "model": "accounts.profile",
  "pk": 499,
  "fields": {
    "user": [
      "clara_cortes_66"
    ],
    "display_name": "Clara Cortes",
    "country": "ES",
    "city": "Granada",
    "province": "Granada",
    "bio": "Disfruto de la musica, los planes culturales y las tardes tranquilas.",
    "photo": "profiles/demo_ai/women/women_portrait_18.png",
    "goals": [
      "dating",
      "talk"
    ],
    "interests": [
      "music",
      "support",
      "pets",
      "gaming"
    ],
    "social_preferences": [
      "slow_pace",
      "small_groups"
    ],
    "dating_preferences": {},
    "health_context": [
      "eating_disorder"
    ],
    "sex": "woman",
    "orientation": "heterosexual",
    "birth_date": "2004-10-04",
    "height_cm": 188,
    "weight_kg": 72,
    "smoker": "no",
    "accessibility_notes": "",
    "accessibility_visibility": "public",
    "open_to_nearby": true,
    "open_to_online": true,
    "onboarding_completed": true,
    "created_at": "2026-06-23T04:45:35.327Z",
    "updated_at": "2026-06-23T04:45:35.327Z"
  }
},
{
  "model": "accounts.profile",
  "pk": 500,
  "fields": {
    "user": [
      "marta_bravo_67"
    ],
    "display_name": "Marta Bravo",
    "country": "ES",
    "city": "Sabadell",
    "province": "Barcelona",
    "bio": "Me gusta conocer gente con calma, hablar primero y hacer planes sencillos.",
    "photo": "profiles/demo_ai/women/women_portrait_19.png",
    "goals": [
      "dating",
      "friendship",
      "groups"
    ],
    "interests": [
      "gaming",
      "support",
      "reading",
      "art",
      "music",
      "pets"
    ],
    "social_preferences": [
      "quiet_places",
      "small_groups",
      "clear_plans"
    ],
    "dating_preferences": {},
    "health_context": [
      "hypochondria",
      "brain_injury"
    ],
    "sex": "woman",
    "orientation": "heterosexual",
    "birth_date": "2002-07-05",
    "height_cm": 152,
    "weight_kg": 94,
    "smoker": "no",
    "accessibility_notes": "",
    "accessibility_visibility": "public",
    "open_to_nearby": true,
    "open_to_online": false,
    "onboarding_completed": true,
    "created_at": "2026-06-23T04:45:36.522Z",
    "updated_at": "2026-06-23T04:45:36.523Z"
  }
},
{
  "model": "accounts.profile",
  "pk": 501,
  "fields": {
    "user": [
      "nerea_vega_68"
    ],
    "display_name": "Nerea Vega",
    "country": "ES",
    "city": "Vigo",
    "province": "Pontevedra",
    "bio": "Me gusta conocer gente con calma, hablar primero y hacer planes sencillos.",
    "photo": "profiles/demo_ai/women/women_portrait_20.png",
    "goals": [
      "dating",
      "friendship",
      "talk",
      "groups"
    ],
    "interests": [
      "cafe",
      "gaming",
      "support",
      "pets",
      "walks",
      "sports"
    ],
    "social_preferences": [
      "slow_pace",
      "quiet_places",
      "small_groups"
    ],
    "dating_preferences": {},
    "health_context": [
      "insomnia",
      "diabetes"
    ],
    "sex": "woman",
    "orientation": "heterosexual",
    "birth_date": "1995-02-20",
    "height_cm": 196,
    "weight_kg": 80,
    "smoker": "sometimes",
    "accessibility_notes": "",
    "accessibility_visibility": "public",
    "open_to_nearby": true,
    "open_to_online": true,
    "onboarding_completed": true,
    "created_at": "2026-06-23T04:45:37.732Z",
    "updated_at": "2026-06-23T04:45:37.732Z"
  }
},
{
  "model": "accounts.profile",
  "pk": 502,
  "fields": {
    "user": [
      "laura_castro_69"
    ],
    "display_name": "Laura Castro",
    "country": "ES",
    "city": "Granada",
    "province": "Granada",
    "bio": "Estoy aqui para conocer personas afines y construir algo bonito poco a poco.",
    "photo": "profiles/demo_ai/women/women_portrait_21.png",
    "goals": [
      "dating",
      "talk",
      "groups"
    ],
    "interests": [
      "cafe",
      "art",
      "pets",
      "walks"
    ],
    "social_preferences": [
      "small_groups"
    ],
    "dating_preferences": {},
    "health_context": [
      "diabetes",
      "brain_injury"
    ],
    "sex": "woman",
    "orientation": "heterosexual",
    "birth_date": "1973-12-26",
    "height_cm": 158,
    "weight_kg": 98,
    "smoker": "sometimes",
    "accessibility_notes": "",
    "accessibility_visibility": "public",
    "open_to_nearby": true,
    "open_to_online": true,
    "onboarding_completed": true,
    "created_at": "2026-06-23T04:45:38.902Z",
    "updated_at": "2026-06-23T04:45:38.902Z"
  }
},
{
  "model": "accounts.profile",
  "pk": 503,
  "fields": {
    "user": [
      "paula_campos_70"
    ],
    "display_name": "Paula Campos",
    "country": "ES",
    "city": "Badalona",
    "province": "Barcelona",
    "bio": "Me apetecen planes pequenos, gente cercana y conversaciones naturales.",
    "photo": "profiles/demo_ai/women/women_portrait_22.png",
    "goals": [
      "dating",
      "friendship"
    ],
    "interests": [
      "art",
      "support",
      "pets",
      "sports",
      "walks"
    ],
    "social_preferences": [
      "chat_first"
    ],
    "dating_preferences": {},
    "health_context": [
      "specific_phobia",
      "autism"
    ],
    "sex": "woman",
    "orientation": "homosexual",
    "birth_date": "1972-04-14",
    "height_cm": 189,
    "weight_kg": 51,
    "smoker": "no",
    "accessibility_notes": "",
    "accessibility_visibility": "public",
    "open_to_nearby": true,
    "open_to_online": false,
    "onboarding_completed": true,
    "created_at": "2026-06-23T04:45:40.093Z",
    "updated_at": "2026-06-23T04:45:40.093Z"
  }
},
{
  "model": "accounts.profile",
  "pk": 504,
  "fields": {
    "user": [
      "sara_pardo_71"
    ],
    "display_name": "Sara Pardo",
    "country": "ES",
    "city": "Barcelona",
    "province": "Barcelona",
    "bio": "Disfruto de la musica, los planes culturales y las tardes tranquilas.",
    "photo": "profiles/demo_ai/women/women_portrait_23.png",
    "goals": [
      "talk",
      "dating",
      "friendship",
      "groups"
    ],
    "interests": [
      "art",
      "walks",
      "music",
      "cinema",
      "reading"
    ],
    "social_preferences": [
      "small_groups",
      "clear_plans",
      "chat_first"
    ],
    "dating_preferences": {},
    "health_context": [
      "bipolar"
    ],
    "sex": "woman",
    "orientation": "heterosexual",
    "birth_date": "1998-01-10",
    "height_cm": 172,
    "weight_kg": 81,
    "smoker": "no",
    "accessibility_notes": "",
    "accessibility_visibility": "public",
    "open_to_nearby": true,
    "open_to_online": false,
    "onboarding_completed": true,
    "created_at": "2026-06-23T04:45:41.304Z",
    "updated_at": "2026-06-23T04:45:41.304Z"
  }
},
{
  "model": "accounts.profile",
  "pk": 505,
  "fields": {
    "user": [
      "elena_sanz_72"
    ],
    "display_name": "Elena Sanz",
    "country": "ES",
    "city": "Cornella de Llobregat",
    "province": "Barcelona",
    "bio": "Me encantan los paseos tranquilos, el cine y los cafes largos.",
    "photo": "profiles/demo_ai/women/women_portrait_24.png",
    "goals": [
      "friendship",
      "talk",
      "dating",
      "groups"
    ],
    "interests": [
      "cinema",
      "support",
      "gaming",
      "pets"
    ],
    "social_preferences": [
      "slow_pace",
      "small_groups"
    ],
    "dating_preferences": {},
    "health_context": [
      "autism",
      "panic_attacks"
    ],
    "sex": "woman",
    "orientation": "heterosexual",
    "birth_date": "1998-08-24",
    "height_cm": 177,
    "weight_kg": 56,
    "smoker": "no",
    "accessibility_notes": "",
    "accessibility_visibility": "public",
    "open_to_nearby": true,
    "open_to_online": true,
    "onboarding_completed": true,
    "created_at": "2026-06-23T04:45:42.474Z",
    "updated_at": "2026-06-23T04:45:42.474Z"
  }
},
{
  "model": "accounts.profilephoto",
  "pk": 507,
  "fields": {
    "profile": 183,
    "image": "profiles/gallery/2017-04-25_17.42.39_esMMop4.jpg",
    "created_at": "2026-06-13T19:19:33.982Z"
  }
},
{
  "model": "accounts.profilephoto",
  "pk": 508,
  "fields": {
    "profile": 183,
    "image": "profiles/gallery/IMG_20210715_142425.jpg",
    "created_at": "2026-06-13T19:19:34.025Z"
  }
},
{
  "model": "accounts.profilephoto",
  "pk": 512,
  "fields": {
    "profile": 216,
    "image": "profiles/gallery/IMG20211223145819.jpg",
    "created_at": "2026-06-16T18:06:44.604Z"
  }
},
{
  "model": "accounts.profilephoto",
  "pk": 513,
  "fields": {
    "profile": 217,
    "image": "profiles/gallery/2016-04-10_20.11.41_BN_AwYbsxK.jpg",
    "created_at": "2026-06-18T14:04:58.104Z"
  }
},
{
  "model": "accounts.profilephoto",
  "pk": 1162,
  "fields": {
    "profile": 434,
    "image": "profiles/demo_ai/variants/lucia_soler_01_extra_1.png",
    "created_at": "2026-06-23T04:44:18.093Z"
  }
},
{
  "model": "accounts.profilephoto",
  "pk": 1163,
  "fields": {
    "profile": 434,
    "image": "profiles/demo_ai/variants/lucia_soler_01_extra_2.png",
    "created_at": "2026-06-23T04:44:18.446Z"
  }
},
{
  "model": "accounts.profilephoto",
  "pk": 1164,
  "fields": {
    "profile": 434,
    "image": "profiles/demo_ai/variants/lucia_soler_01_extra_3.png",
    "created_at": "2026-06-23T04:44:18.690Z"
  }
},
{
  "model": "accounts.profilephoto",
  "pk": 1165,
  "fields": {
    "profile": 435,
    "image": "profiles/demo_ai/variants/clara_molina_02_extra_1.png",
    "created_at": "2026-06-23T04:44:19.546Z"
  }
},
{
  "model": "accounts.profilephoto",
  "pk": 1166,
  "fields": {
    "profile": 435,
    "image": "profiles/demo_ai/variants/clara_molina_02_extra_2.png",
    "created_at": "2026-06-23T04:44:19.813Z"
  }
},
{
  "model": "accounts.profilephoto",
  "pk": 1167,
  "fields": {
    "profile": 435,
    "image": "profiles/demo_ai/variants/clara_molina_02_extra_3.png",
    "created_at": "2026-06-23T04:44:20.027Z"
  }
},
{
  "model": "accounts.profilephoto",
  "pk": 1168,
  "fields": {
    "profile": 436,
    "image": "profiles/demo_ai/variants/marta_santos_03_extra_1.png",
    "created_at": "2026-06-23T04:44:20.814Z"
  }
},
{
  "model": "accounts.profilephoto",
  "pk": 1169,
  "fields": {
    "profile": 436,
    "image": "profiles/demo_ai/variants/marta_santos_03_extra_2.png",
    "created_at": "2026-06-23T04:44:21.068Z"
  }
},
{
  "model": "accounts.profilephoto",
  "pk": 1170,
  "fields": {
    "profile": 436,
    "image": "profiles/demo_ai/variants/marta_santos_03_extra_3.png",
    "created_at": "2026-06-23T04:44:21.329Z"
  }
},
{
  "model": "accounts.profilephoto",
  "pk": 1171,
  "fields": {
    "profile": 437,
    "image": "profiles/demo_ai/variants/nerea_rey_04_extra_1.png",
    "created_at": "2026-06-23T04:44:22.196Z"
  }
},
{
  "model": "accounts.profilephoto",
  "pk": 1172,
  "fields": {
    "profile": 437,
    "image": "profiles/demo_ai/variants/nerea_rey_04_extra_2.png",
    "created_at": "2026-06-23T04:44:22.464Z"
  }
},
{
  "model": "accounts.profilephoto",
  "pk": 1173,
  "fields": {
    "profile": 437,
    "image": "profiles/demo_ai/variants/nerea_rey_04_extra_3.png",
    "created_at": "2026-06-23T04:44:22.679Z"
  }
},
{
  "model": "accounts.profilephoto",
  "pk": 1174,
  "fields": {
    "profile": 438,
    "image": "profiles/demo_ai/variants/laura_gil_05_extra_1.png",
    "created_at": "2026-06-23T04:44:23.506Z"
  }
},
{
  "model": "accounts.profilephoto",
  "pk": 1175,
  "fields": {
    "profile": 438,
    "image": "profiles/demo_ai/variants/laura_gil_05_extra_2.png",
    "created_at": "2026-06-23T04:44:23.765Z"
  }
},
{
  "model": "accounts.profilephoto",
  "pk": 1176,
  "fields": {
    "profile": 438,
    "image": "profiles/demo_ai/variants/laura_gil_05_extra_3.png",
    "created_at": "2026-06-23T04:44:24.025Z"
  }
},
{
  "model": "accounts.profilephoto",
  "pk": 1177,
  "fields": {
    "profile": 439,
    "image": "profiles/demo_ai/variants/paula_marin_06_extra_1.png",
    "created_at": "2026-06-23T04:44:24.717Z"
  }
},
{
  "model": "accounts.profilephoto",
  "pk": 1178,
  "fields": {
    "profile": 439,
    "image": "profiles/demo_ai/variants/paula_marin_06_extra_2.png",
    "created_at": "2026-06-23T04:44:24.963Z"
  }
},
{
  "model": "accounts.profilephoto",
  "pk": 1179,
  "fields": {
    "profile": 439,
    "image": "profiles/demo_ai/variants/paula_marin_06_extra_3.png",
    "created_at": "2026-06-23T04:44:25.184Z"
  }
},
{
  "model": "accounts.profilephoto",
  "pk": 1180,
  "fields": {
    "profile": 440,
    "image": "profiles/demo_ai/variants/sara_navas_07_extra_1.png",
    "created_at": "2026-06-23T04:44:25.906Z"
  }
},
{
  "model": "accounts.profilephoto",
  "pk": 1181,
  "fields": {
    "profile": 440,
    "image": "profiles/demo_ai/variants/sara_navas_07_extra_2.png",
    "created_at": "2026-06-23T04:44:26.140Z"
  }
},
{
  "model": "accounts.profilephoto",
  "pk": 1182,
  "fields": {
    "profile": 440,
    "image": "profiles/demo_ai/variants/sara_navas_07_extra_3.png",
    "created_at": "2026-06-23T04:44:26.381Z"
  }
},
{
  "model": "accounts.profilephoto",
  "pk": 1183,
  "fields": {
    "profile": 441,
    "image": "profiles/demo_ai/variants/elena_herrera_08_extra_1.png",
    "created_at": "2026-06-23T04:44:27.057Z"
  }
},
{
  "model": "accounts.profilephoto",
  "pk": 1184,
  "fields": {
    "profile": 441,
    "image": "profiles/demo_ai/variants/elena_herrera_08_extra_2.png",
    "created_at": "2026-06-23T04:44:27.293Z"
  }
},
{
  "model": "accounts.profilephoto",
  "pk": 1185,
  "fields": {
    "profile": 441,
    "image": "profiles/demo_ai/variants/elena_herrera_08_extra_3.png",
    "created_at": "2026-06-23T04:44:27.536Z"
  }
},
{
  "model": "accounts.profilephoto",
  "pk": 1186,
  "fields": {
    "profile": 442,
    "image": "profiles/demo_ai/variants/irene_lozano_09_extra_1.png",
    "created_at": "2026-06-23T04:44:28.268Z"
  }
},
{
  "model": "accounts.profilephoto",
  "pk": 1187,
  "fields": {
    "profile": 442,
    "image": "profiles/demo_ai/variants/irene_lozano_09_extra_2.png",
    "created_at": "2026-06-23T04:44:28.513Z"
  }
},
{
  "model": "accounts.profilephoto",
  "pk": 1188,
  "fields": {
    "profile": 442,
    "image": "profiles/demo_ai/variants/irene_lozano_09_extra_3.png",
    "created_at": "2026-06-23T04:44:28.749Z"
  }
},
{
  "model": "accounts.profilephoto",
  "pk": 1189,
  "fields": {
    "profile": 443,
    "image": "profiles/demo_ai/variants/aitana_ortega_10_extra_1.png",
    "created_at": "2026-06-23T04:44:29.467Z"
  }
},
{
  "model": "accounts.profilephoto",
  "pk": 1190,
  "fields": {
    "profile": 443,
    "image": "profiles/demo_ai/variants/aitana_ortega_10_extra_2.png",
    "created_at": "2026-06-23T04:44:29.709Z"
  }
},
{
  "model": "accounts.profilephoto",
  "pk": 1191,
  "fields": {
    "profile": 443,
    "image": "profiles/demo_ai/variants/aitana_ortega_10_extra_3.png",
    "created_at": "2026-06-23T04:44:29.967Z"
  }
},
{
  "model": "accounts.profilephoto",
  "pk": 1192,
  "fields": {
    "profile": 444,
    "image": "profiles/demo_ai/variants/eva_vidal_11_extra_1.png",
    "created_at": "2026-06-23T04:44:30.660Z"
  }
},
{
  "model": "accounts.profilephoto",
  "pk": 1193,
  "fields": {
    "profile": 444,
    "image": "profiles/demo_ai/variants/eva_vidal_11_extra_2.png",
    "created_at": "2026-06-23T04:44:30.888Z"
  }
},
{
  "model": "accounts.profilephoto",
  "pk": 1194,
  "fields": {
    "profile": 444,
    "image": "profiles/demo_ai/variants/eva_vidal_11_extra_3.png",
    "created_at": "2026-06-23T04:44:31.121Z"
  }
},
{
  "model": "accounts.profilephoto",
  "pk": 1195,
  "fields": {
    "profile": 445,
    "image": "profiles/demo_ai/variants/luna_ruiz_12_extra_1.png",
    "created_at": "2026-06-23T04:44:31.830Z"
  }
},
{
  "model": "accounts.profilephoto",
  "pk": 1196,
  "fields": {
    "profile": 445,
    "image": "profiles/demo_ai/variants/luna_ruiz_12_extra_2.png",
    "created_at": "2026-06-23T04:44:32.076Z"
  }
},
{
  "model": "accounts.profilephoto",
  "pk": 1197,
  "fields": {
    "profile": 445,
    "image": "profiles/demo_ai/variants/luna_ruiz_12_extra_3.png",
    "created_at": "2026-06-23T04:44:32.346Z"
  }
},
{
  "model": "accounts.profilephoto",
  "pk": 1198,
  "fields": {
    "profile": 446,
    "image": "profiles/demo_ai/variants/nadia_leon_13_extra_1.png",
    "created_at": "2026-06-23T04:44:33.025Z"
  }
},
{
  "model": "accounts.profilephoto",
  "pk": 1199,
  "fields": {
    "profile": 446,
    "image": "profiles/demo_ai/variants/nadia_leon_13_extra_2.png",
    "created_at": "2026-06-23T04:44:33.257Z"
  }
},
{
  "model": "accounts.profilephoto",
  "pk": 1200,
  "fields": {
    "profile": 446,
    "image": "profiles/demo_ai/variants/nadia_leon_13_extra_3.png",
    "created_at": "2026-06-23T04:44:33.470Z"
  }
},
{
  "model": "accounts.profilephoto",
  "pk": 1201,
  "fields": {
    "profile": 447,
    "image": "profiles/demo_ai/variants/vera_fuentes_14_extra_1.png",
    "created_at": "2026-06-23T04:44:34.189Z"
  }
},
{
  "model": "accounts.profilephoto",
  "pk": 1202,
  "fields": {
    "profile": 447,
    "image": "profiles/demo_ai/variants/vera_fuentes_14_extra_2.png",
    "created_at": "2026-06-23T04:44:34.424Z"
  }
},
{
  "model": "accounts.profilephoto",
  "pk": 1203,
  "fields": {
    "profile": 447,
    "image": "profiles/demo_ai/variants/vera_fuentes_14_extra_3.png",
    "created_at": "2026-06-23T04:44:34.680Z"
  }
},
{
  "model": "accounts.profilephoto",
  "pk": 1204,
  "fields": {
    "profile": 448,
    "image": "profiles/demo_ai/variants/carmen_prieto_15_extra_1.png",
    "created_at": "2026-06-23T04:44:35.358Z"
  }
},
{
  "model": "accounts.profilephoto",
  "pk": 1205,
  "fields": {
    "profile": 448,
    "image": "profiles/demo_ai/variants/carmen_prieto_15_extra_2.png",
    "created_at": "2026-06-23T04:44:35.594Z"
  }
},
{
  "model": "accounts.profilephoto",
  "pk": 1206,
  "fields": {
    "profile": 448,
    "image": "profiles/demo_ai/variants/carmen_prieto_15_extra_3.png",
    "created_at": "2026-06-23T04:44:35.811Z"
  }
},
{
  "model": "accounts.profilephoto",
  "pk": 1207,
  "fields": {
    "profile": 449,
    "image": "profiles/demo_ai/variants/ines_ramos_16_extra_1.png",
    "created_at": "2026-06-23T04:44:36.533Z"
  }
},
{
  "model": "accounts.profilephoto",
  "pk": 1208,
  "fields": {
    "profile": 449,
    "image": "profiles/demo_ai/variants/ines_ramos_16_extra_2.png",
    "created_at": "2026-06-23T04:44:36.763Z"
  }
},
{
  "model": "accounts.profilephoto",
  "pk": 1209,
  "fields": {
    "profile": 449,
    "image": "profiles/demo_ai/variants/ines_ramos_16_extra_3.png",
    "created_at": "2026-06-23T04:44:36.993Z"
  }
},
{
  "model": "accounts.profilephoto",
  "pk": 1210,
  "fields": {
    "profile": 450,
    "image": "profiles/demo_ai/variants/carlos_iglesias_17_extra_1.png",
    "created_at": "2026-06-23T04:44:37.691Z"
  }
},
{
  "model": "accounts.profilephoto",
  "pk": 1211,
  "fields": {
    "profile": 450,
    "image": "profiles/demo_ai/variants/carlos_iglesias_17_extra_2.png",
    "created_at": "2026-06-23T04:44:37.914Z"
  }
},
{
  "model": "accounts.profilephoto",
  "pk": 1212,
  "fields": {
    "profile": 450,
    "image": "profiles/demo_ai/variants/carlos_iglesias_17_extra_3.png",
    "created_at": "2026-06-23T04:44:38.130Z"
  }
},
{
  "model": "accounts.profilephoto",
  "pk": 1213,
  "fields": {
    "profile": 451,
    "image": "profiles/demo_ai/variants/dani_cortes_18_extra_1.png",
    "created_at": "2026-06-23T04:44:38.816Z"
  }
},
{
  "model": "accounts.profilephoto",
  "pk": 1214,
  "fields": {
    "profile": 451,
    "image": "profiles/demo_ai/variants/dani_cortes_18_extra_2.png",
    "created_at": "2026-06-23T04:44:39.051Z"
  }
},
{
  "model": "accounts.profilephoto",
  "pk": 1215,
  "fields": {
    "profile": 451,
    "image": "profiles/demo_ai/variants/dani_cortes_18_extra_3.png",
    "created_at": "2026-06-23T04:44:39.282Z"
  }
},
{
  "model": "accounts.profilephoto",
  "pk": 1216,
  "fields": {
    "profile": 452,
    "image": "profiles/demo_ai/variants/sergio_bravo_19_extra_1.png",
    "created_at": "2026-06-23T04:44:39.986Z"
  }
},
{
  "model": "accounts.profilephoto",
  "pk": 1217,
  "fields": {
    "profile": 452,
    "image": "profiles/demo_ai/variants/sergio_bravo_19_extra_2.png",
    "created_at": "2026-06-23T04:44:40.247Z"
  }
},
{
  "model": "accounts.profilephoto",
  "pk": 1218,
  "fields": {
    "profile": 452,
    "image": "profiles/demo_ai/variants/sergio_bravo_19_extra_3.png",
    "created_at": "2026-06-23T04:44:40.503Z"
  }
},
{
  "model": "accounts.profilephoto",
  "pk": 1219,
  "fields": {
    "profile": 453,
    "image": "profiles/demo_ai/variants/iker_vega_20_extra_1.png",
    "created_at": "2026-06-23T04:44:41.209Z"
  }
},
{
  "model": "accounts.profilephoto",
  "pk": 1220,
  "fields": {
    "profile": 453,
    "image": "profiles/demo_ai/variants/iker_vega_20_extra_2.png",
    "created_at": "2026-06-23T04:44:41.458Z"
  }
},
{
  "model": "accounts.profilephoto",
  "pk": 1221,
  "fields": {
    "profile": 453,
    "image": "profiles/demo_ai/variants/iker_vega_20_extra_3.png",
    "created_at": "2026-06-23T04:44:41.693Z"
  }
},
{
  "model": "accounts.profilephoto",
  "pk": 1222,
  "fields": {
    "profile": 454,
    "image": "profiles/demo_ai/variants/hugo_castro_21_extra_1.png",
    "created_at": "2026-06-23T04:44:42.393Z"
  }
},
{
  "model": "accounts.profilephoto",
  "pk": 1223,
  "fields": {
    "profile": 454,
    "image": "profiles/demo_ai/variants/hugo_castro_21_extra_2.png",
    "created_at": "2026-06-23T04:44:42.621Z"
  }
},
{
  "model": "accounts.profilephoto",
  "pk": 1224,
  "fields": {
    "profile": 454,
    "image": "profiles/demo_ai/variants/hugo_castro_21_extra_3.png",
    "created_at": "2026-06-23T04:44:42.839Z"
  }
},
{
  "model": "accounts.profilephoto",
  "pk": 1225,
  "fields": {
    "profile": 455,
    "image": "profiles/demo_ai/variants/mario_campos_22_extra_1.png",
    "created_at": "2026-06-23T04:44:43.540Z"
  }
},
{
  "model": "accounts.profilephoto",
  "pk": 1226,
  "fields": {
    "profile": 455,
    "image": "profiles/demo_ai/variants/mario_campos_22_extra_2.png",
    "created_at": "2026-06-23T04:44:43.771Z"
  }
},
{
  "model": "accounts.profilephoto",
  "pk": 1227,
  "fields": {
    "profile": 455,
    "image": "profiles/demo_ai/variants/mario_campos_22_extra_3.png",
    "created_at": "2026-06-23T04:44:43.991Z"
  }
},
{
  "model": "accounts.profilephoto",
  "pk": 1228,
  "fields": {
    "profile": 456,
    "image": "profiles/demo_ai/variants/adrian_pardo_23_extra_1.png",
    "created_at": "2026-06-23T04:44:44.720Z"
  }
},
{
  "model": "accounts.profilephoto",
  "pk": 1229,
  "fields": {
    "profile": 456,
    "image": "profiles/demo_ai/variants/adrian_pardo_23_extra_2.png",
    "created_at": "2026-06-23T04:44:44.964Z"
  }
},
{
  "model": "accounts.profilephoto",
  "pk": 1230,
  "fields": {
    "profile": 456,
    "image": "profiles/demo_ai/variants/adrian_pardo_23_extra_3.png",
    "created_at": "2026-06-23T04:44:45.237Z"
  }
},
{
  "model": "accounts.profilephoto",
  "pk": 1231,
  "fields": {
    "profile": 457,
    "image": "profiles/demo_ai/variants/javi_sanz_24_extra_1.png",
    "created_at": "2026-06-23T04:44:45.977Z"
  }
},
{
  "model": "accounts.profilephoto",
  "pk": 1232,
  "fields": {
    "profile": 457,
    "image": "profiles/demo_ai/variants/javi_sanz_24_extra_2.png",
    "created_at": "2026-06-23T04:44:46.213Z"
  }
},
{
  "model": "accounts.profilephoto",
  "pk": 1233,
  "fields": {
    "profile": 457,
    "image": "profiles/demo_ai/variants/javi_sanz_24_extra_3.png",
    "created_at": "2026-06-23T04:44:46.418Z"
  }
},
{
  "model": "accounts.profilephoto",
  "pk": 1234,
  "fields": {
    "profile": 458,
    "image": "profiles/demo_ai/variants/leo_soler_25_extra_1.png",
    "created_at": "2026-06-23T04:44:47.192Z"
  }
},
{
  "model": "accounts.profilephoto",
  "pk": 1235,
  "fields": {
    "profile": 458,
    "image": "profiles/demo_ai/variants/leo_soler_25_extra_2.png",
    "created_at": "2026-06-23T04:44:47.410Z"
  }
},
{
  "model": "accounts.profilephoto",
  "pk": 1236,
  "fields": {
    "profile": 458,
    "image": "profiles/demo_ai/variants/leo_soler_25_extra_3.png",
    "created_at": "2026-06-23T04:44:47.648Z"
  }
},
{
  "model": "accounts.profilephoto",
  "pk": 1237,
  "fields": {
    "profile": 459,
    "image": "profiles/demo_ai/variants/ruben_molina_26_extra_1.png",
    "created_at": "2026-06-23T04:44:48.320Z"
  }
},
{
  "model": "accounts.profilephoto",
  "pk": 1238,
  "fields": {
    "profile": 459,
    "image": "profiles/demo_ai/variants/ruben_molina_26_extra_2.png",
    "created_at": "2026-06-23T04:44:48.552Z"
  }
},
{
  "model": "accounts.profilephoto",
  "pk": 1239,
  "fields": {
    "profile": 459,
    "image": "profiles/demo_ai/variants/ruben_molina_26_extra_3.png",
    "created_at": "2026-06-23T04:44:48.749Z"
  }
},
{
  "model": "accounts.profilephoto",
  "pk": 1240,
  "fields": {
    "profile": 460,
    "image": "profiles/demo_ai/variants/samuel_santos_27_extra_1.png",
    "created_at": "2026-06-23T04:44:49.475Z"
  }
},
{
  "model": "accounts.profilephoto",
  "pk": 1241,
  "fields": {
    "profile": 460,
    "image": "profiles/demo_ai/variants/samuel_santos_27_extra_2.png",
    "created_at": "2026-06-23T04:44:49.709Z"
  }
},
{
  "model": "accounts.profilephoto",
  "pk": 1242,
  "fields": {
    "profile": 460,
    "image": "profiles/demo_ai/variants/samuel_santos_27_extra_3.png",
    "created_at": "2026-06-23T04:44:49.958Z"
  }
},
{
  "model": "accounts.profilephoto",
  "pk": 1243,
  "fields": {
    "profile": 461,
    "image": "profiles/demo_ai/variants/bruno_rey_28_extra_1.png",
    "created_at": "2026-06-23T04:44:50.652Z"
  }
},
{
  "model": "accounts.profilephoto",
  "pk": 1244,
  "fields": {
    "profile": 461,
    "image": "profiles/demo_ai/variants/bruno_rey_28_extra_2.png",
    "created_at": "2026-06-23T04:44:50.904Z"
  }
},
{
  "model": "accounts.profilephoto",
  "pk": 1245,
  "fields": {
    "profile": 461,
    "image": "profiles/demo_ai/variants/bruno_rey_28_extra_3.png",
    "created_at": "2026-06-23T04:44:51.162Z"
  }
},
{
  "model": "accounts.profilephoto",
  "pk": 1246,
  "fields": {
    "profile": 462,
    "image": "profiles/demo_ai/variants/pablo_gil_29_extra_1.png",
    "created_at": "2026-06-23T04:44:51.841Z"
  }
},
{
  "model": "accounts.profilephoto",
  "pk": 1247,
  "fields": {
    "profile": 462,
    "image": "profiles/demo_ai/variants/pablo_gil_29_extra_2.png",
    "created_at": "2026-06-23T04:44:52.065Z"
  }
},
{
  "model": "accounts.profilephoto",
  "pk": 1248,
  "fields": {
    "profile": 462,
    "image": "profiles/demo_ai/variants/pablo_gil_29_extra_3.png",
    "created_at": "2026-06-23T04:44:52.261Z"
  }
},
{
  "model": "accounts.profilephoto",
  "pk": 1249,
  "fields": {
    "profile": 463,
    "image": "profiles/demo_ai/variants/diego_marin_30_extra_1.png",
    "created_at": "2026-06-23T04:44:52.999Z"
  }
},
{
  "model": "accounts.profilephoto",
  "pk": 1250,
  "fields": {
    "profile": 463,
    "image": "profiles/demo_ai/variants/diego_marin_30_extra_2.png",
    "created_at": "2026-06-23T04:44:53.261Z"
  }
},
{
  "model": "accounts.profilephoto",
  "pk": 1251,
  "fields": {
    "profile": 463,
    "image": "profiles/demo_ai/variants/diego_marin_30_extra_3.png",
    "created_at": "2026-06-23T04:44:53.517Z"
  }
},
{
  "model": "accounts.profilephoto",
  "pk": 1252,
  "fields": {
    "profile": 464,
    "image": "profiles/demo_ai/variants/marcos_navas_31_extra_1.png",
    "created_at": "2026-06-23T04:44:54.192Z"
  }
},
{
  "model": "accounts.profilephoto",
  "pk": 1253,
  "fields": {
    "profile": 464,
    "image": "profiles/demo_ai/variants/marcos_navas_31_extra_2.png",
    "created_at": "2026-06-23T04:44:54.419Z"
  }
},
{
  "model": "accounts.profilephoto",
  "pk": 1254,
  "fields": {
    "profile": 464,
    "image": "profiles/demo_ai/variants/marcos_navas_31_extra_3.png",
    "created_at": "2026-06-23T04:44:54.637Z"
  }
},
{
  "model": "accounts.profilephoto",
  "pk": 1255,
  "fields": {
    "profile": 465,
    "image": "profiles/demo_ai/variants/mateo_herrera_32_extra_1.png",
    "created_at": "2026-06-23T04:44:55.377Z"
  }
},
{
  "model": "accounts.profilephoto",
  "pk": 1256,
  "fields": {
    "profile": 465,
    "image": "profiles/demo_ai/variants/mateo_herrera_32_extra_2.png",
    "created_at": "2026-06-23T04:44:55.616Z"
  }
},
{
  "model": "accounts.profilephoto",
  "pk": 1257,
  "fields": {
    "profile": 465,
    "image": "profiles/demo_ai/variants/mateo_herrera_32_extra_3.png",
    "created_at": "2026-06-23T04:44:55.843Z"
  }
},
{
  "model": "accounts.profilephoto",
  "pk": 1258,
  "fields": {
    "profile": 466,
    "image": "profiles/demo_ai/variants/lucia_lozano_33_extra_1.png",
    "created_at": "2026-06-23T04:44:56.597Z"
  }
},
{
  "model": "accounts.profilephoto",
  "pk": 1259,
  "fields": {
    "profile": 466,
    "image": "profiles/demo_ai/variants/lucia_lozano_33_extra_2.png",
    "created_at": "2026-06-23T04:44:56.846Z"
  }
},
{
  "model": "accounts.profilephoto",
  "pk": 1260,
  "fields": {
    "profile": 466,
    "image": "profiles/demo_ai/variants/lucia_lozano_33_extra_3.png",
    "created_at": "2026-06-23T04:44:57.083Z"
  }
},
{
  "model": "accounts.profilephoto",
  "pk": 1261,
  "fields": {
    "profile": 467,
    "image": "profiles/demo_ai/variants/clara_ortega_34_extra_1.png",
    "created_at": "2026-06-23T04:44:57.772Z"
  }
},
{
  "model": "accounts.profilephoto",
  "pk": 1262,
  "fields": {
    "profile": 467,
    "image": "profiles/demo_ai/variants/clara_ortega_34_extra_2.png",
    "created_at": "2026-06-23T04:44:58.003Z"
  }
},
{
  "model": "accounts.profilephoto",
  "pk": 1263,
  "fields": {
    "profile": 467,
    "image": "profiles/demo_ai/variants/clara_ortega_34_extra_3.png",
    "created_at": "2026-06-23T04:44:58.204Z"
  }
},
{
  "model": "accounts.profilephoto",
  "pk": 1264,
  "fields": {
    "profile": 468,
    "image": "profiles/demo_ai/variants/marta_vidal_35_extra_1.png",
    "created_at": "2026-06-23T04:44:58.946Z"
  }
},
{
  "model": "accounts.profilephoto",
  "pk": 1265,
  "fields": {
    "profile": 468,
    "image": "profiles/demo_ai/variants/marta_vidal_35_extra_2.png",
    "created_at": "2026-06-23T04:44:59.203Z"
  }
},
{
  "model": "accounts.profilephoto",
  "pk": 1266,
  "fields": {
    "profile": 468,
    "image": "profiles/demo_ai/variants/marta_vidal_35_extra_3.png",
    "created_at": "2026-06-23T04:44:59.456Z"
  }
},
{
  "model": "accounts.profilephoto",
  "pk": 1267,
  "fields": {
    "profile": 469,
    "image": "profiles/demo_ai/variants/nerea_ruiz_36_extra_1.png",
    "created_at": "2026-06-23T04:45:00.138Z"
  }
},
{
  "model": "accounts.profilephoto",
  "pk": 1268,
  "fields": {
    "profile": 469,
    "image": "profiles/demo_ai/variants/nerea_ruiz_36_extra_2.png",
    "created_at": "2026-06-23T04:45:00.387Z"
  }
},
{
  "model": "accounts.profilephoto",
  "pk": 1269,
  "fields": {
    "profile": 469,
    "image": "profiles/demo_ai/variants/nerea_ruiz_36_extra_3.png",
    "created_at": "2026-06-23T04:45:00.612Z"
  }
},
{
  "model": "accounts.profilephoto",
  "pk": 1270,
  "fields": {
    "profile": 470,
    "image": "profiles/demo_ai/variants/laura_leon_37_extra_1.png",
    "created_at": "2026-06-23T04:45:01.332Z"
  }
},
{
  "model": "accounts.profilephoto",
  "pk": 1271,
  "fields": {
    "profile": 470,
    "image": "profiles/demo_ai/variants/laura_leon_37_extra_2.png",
    "created_at": "2026-06-23T04:45:01.572Z"
  }
},
{
  "model": "accounts.profilephoto",
  "pk": 1272,
  "fields": {
    "profile": 470,
    "image": "profiles/demo_ai/variants/laura_leon_37_extra_3.png",
    "created_at": "2026-06-23T04:45:01.815Z"
  }
},
{
  "model": "accounts.profilephoto",
  "pk": 1273,
  "fields": {
    "profile": 471,
    "image": "profiles/demo_ai/variants/paula_fuentes_38_extra_1.png",
    "created_at": "2026-06-23T04:45:02.518Z"
  }
},
{
  "model": "accounts.profilephoto",
  "pk": 1274,
  "fields": {
    "profile": 471,
    "image": "profiles/demo_ai/variants/paula_fuentes_38_extra_2.png",
    "created_at": "2026-06-23T04:45:02.752Z"
  }
},
{
  "model": "accounts.profilephoto",
  "pk": 1275,
  "fields": {
    "profile": 471,
    "image": "profiles/demo_ai/variants/paula_fuentes_38_extra_3.png",
    "created_at": "2026-06-23T04:45:02.970Z"
  }
},
{
  "model": "accounts.profilephoto",
  "pk": 1276,
  "fields": {
    "profile": 472,
    "image": "profiles/demo_ai/variants/sara_prieto_39_extra_1.png",
    "created_at": "2026-06-23T04:45:03.686Z"
  }
},
{
  "model": "accounts.profilephoto",
  "pk": 1277,
  "fields": {
    "profile": 472,
    "image": "profiles/demo_ai/variants/sara_prieto_39_extra_2.png",
    "created_at": "2026-06-23T04:45:03.926Z"
  }
},
{
  "model": "accounts.profilephoto",
  "pk": 1278,
  "fields": {
    "profile": 472,
    "image": "profiles/demo_ai/variants/sara_prieto_39_extra_3.png",
    "created_at": "2026-06-23T04:45:04.200Z"
  }
},
{
  "model": "accounts.profilephoto",
  "pk": 1279,
  "fields": {
    "profile": 473,
    "image": "profiles/demo_ai/variants/elena_ramos_40_extra_1.png",
    "created_at": "2026-06-23T04:45:04.890Z"
  }
},
{
  "model": "accounts.profilephoto",
  "pk": 1280,
  "fields": {
    "profile": 473,
    "image": "profiles/demo_ai/variants/elena_ramos_40_extra_2.png",
    "created_at": "2026-06-23T04:45:05.139Z"
  }
},
{
  "model": "accounts.profilephoto",
  "pk": 1281,
  "fields": {
    "profile": 473,
    "image": "profiles/demo_ai/variants/elena_ramos_40_extra_3.png",
    "created_at": "2026-06-23T04:45:05.396Z"
  }
},
{
  "model": "accounts.profilephoto",
  "pk": 1282,
  "fields": {
    "profile": 474,
    "image": "profiles/demo_ai/variants/irene_iglesias_41_extra_1.png",
    "created_at": "2026-06-23T04:45:06.109Z"
  }
},
{
  "model": "accounts.profilephoto",
  "pk": 1283,
  "fields": {
    "profile": 474,
    "image": "profiles/demo_ai/variants/irene_iglesias_41_extra_2.png",
    "created_at": "2026-06-23T04:45:06.358Z"
  }
},
{
  "model": "accounts.profilephoto",
  "pk": 1284,
  "fields": {
    "profile": 474,
    "image": "profiles/demo_ai/variants/irene_iglesias_41_extra_3.png",
    "created_at": "2026-06-23T04:45:06.621Z"
  }
},
{
  "model": "accounts.profilephoto",
  "pk": 1285,
  "fields": {
    "profile": 475,
    "image": "profiles/demo_ai/variants/aitana_cortes_42_extra_1.png",
    "created_at": "2026-06-23T04:45:07.306Z"
  }
},
{
  "model": "accounts.profilephoto",
  "pk": 1286,
  "fields": {
    "profile": 475,
    "image": "profiles/demo_ai/variants/aitana_cortes_42_extra_2.png",
    "created_at": "2026-06-23T04:45:07.550Z"
  }
},
{
  "model": "accounts.profilephoto",
  "pk": 1287,
  "fields": {
    "profile": 475,
    "image": "profiles/demo_ai/variants/aitana_cortes_42_extra_3.png",
    "created_at": "2026-06-23T04:45:07.756Z"
  }
},
{
  "model": "accounts.profilephoto",
  "pk": 1288,
  "fields": {
    "profile": 476,
    "image": "profiles/demo_ai/variants/eva_bravo_43_extra_1.png",
    "created_at": "2026-06-23T04:45:08.484Z"
  }
},
{
  "model": "accounts.profilephoto",
  "pk": 1289,
  "fields": {
    "profile": 476,
    "image": "profiles/demo_ai/variants/eva_bravo_43_extra_2.png",
    "created_at": "2026-06-23T04:45:08.715Z"
  }
},
{
  "model": "accounts.profilephoto",
  "pk": 1290,
  "fields": {
    "profile": 476,
    "image": "profiles/demo_ai/variants/eva_bravo_43_extra_3.png",
    "created_at": "2026-06-23T04:45:08.929Z"
  }
},
{
  "model": "accounts.profilephoto",
  "pk": 1291,
  "fields": {
    "profile": 477,
    "image": "profiles/demo_ai/variants/luna_vega_44_extra_1.png",
    "created_at": "2026-06-23T04:45:09.646Z"
  }
},
{
  "model": "accounts.profilephoto",
  "pk": 1292,
  "fields": {
    "profile": 477,
    "image": "profiles/demo_ai/variants/luna_vega_44_extra_2.png",
    "created_at": "2026-06-23T04:45:09.891Z"
  }
},
{
  "model": "accounts.profilephoto",
  "pk": 1293,
  "fields": {
    "profile": 477,
    "image": "profiles/demo_ai/variants/luna_vega_44_extra_3.png",
    "created_at": "2026-06-23T04:45:10.146Z"
  }
},
{
  "model": "accounts.profilephoto",
  "pk": 1294,
  "fields": {
    "profile": 478,
    "image": "profiles/demo_ai/variants/nadia_castro_45_extra_1.png",
    "created_at": "2026-06-23T04:45:10.843Z"
  }
},
{
  "model": "accounts.profilephoto",
  "pk": 1295,
  "fields": {
    "profile": 478,
    "image": "profiles/demo_ai/variants/nadia_castro_45_extra_2.png",
    "created_at": "2026-06-23T04:45:11.093Z"
  }
},
{
  "model": "accounts.profilephoto",
  "pk": 1296,
  "fields": {
    "profile": 478,
    "image": "profiles/demo_ai/variants/nadia_castro_45_extra_3.png",
    "created_at": "2026-06-23T04:45:11.363Z"
  }
},
{
  "model": "accounts.profilephoto",
  "pk": 1297,
  "fields": {
    "profile": 479,
    "image": "profiles/demo_ai/variants/vera_campos_46_extra_1.png",
    "created_at": "2026-06-23T04:45:12.032Z"
  }
},
{
  "model": "accounts.profilephoto",
  "pk": 1298,
  "fields": {
    "profile": 479,
    "image": "profiles/demo_ai/variants/vera_campos_46_extra_2.png",
    "created_at": "2026-06-23T04:45:12.268Z"
  }
},
{
  "model": "accounts.profilephoto",
  "pk": 1299,
  "fields": {
    "profile": 479,
    "image": "profiles/demo_ai/variants/vera_campos_46_extra_3.png",
    "created_at": "2026-06-23T04:45:12.492Z"
  }
},
{
  "model": "accounts.profilephoto",
  "pk": 1300,
  "fields": {
    "profile": 480,
    "image": "profiles/demo_ai/variants/carmen_pardo_47_extra_1.png",
    "created_at": "2026-06-23T04:45:13.223Z"
  }
},
{
  "model": "accounts.profilephoto",
  "pk": 1301,
  "fields": {
    "profile": 480,
    "image": "profiles/demo_ai/variants/carmen_pardo_47_extra_2.png",
    "created_at": "2026-06-23T04:45:13.458Z"
  }
},
{
  "model": "accounts.profilephoto",
  "pk": 1302,
  "fields": {
    "profile": 480,
    "image": "profiles/demo_ai/variants/carmen_pardo_47_extra_3.png",
    "created_at": "2026-06-23T04:45:13.700Z"
  }
},
{
  "model": "accounts.profilephoto",
  "pk": 1303,
  "fields": {
    "profile": 481,
    "image": "profiles/demo_ai/variants/ines_sanz_48_extra_1.png",
    "created_at": "2026-06-23T04:45:14.397Z"
  }
},
{
  "model": "accounts.profilephoto",
  "pk": 1304,
  "fields": {
    "profile": 481,
    "image": "profiles/demo_ai/variants/ines_sanz_48_extra_2.png",
    "created_at": "2026-06-23T04:45:14.631Z"
  }
},
{
  "model": "accounts.profilephoto",
  "pk": 1305,
  "fields": {
    "profile": 481,
    "image": "profiles/demo_ai/variants/ines_sanz_48_extra_3.png",
    "created_at": "2026-06-23T04:45:14.863Z"
  }
},
{
  "model": "accounts.profilephoto",
  "pk": 1306,
  "fields": {
    "profile": 482,
    "image": "profiles/demo_ai/variants/carlos_soler_49_extra_1.png",
    "created_at": "2026-06-23T04:45:15.651Z"
  }
},
{
  "model": "accounts.profilephoto",
  "pk": 1307,
  "fields": {
    "profile": 482,
    "image": "profiles/demo_ai/variants/carlos_soler_49_extra_2.png",
    "created_at": "2026-06-23T04:45:15.899Z"
  }
},
{
  "model": "accounts.profilephoto",
  "pk": 1308,
  "fields": {
    "profile": 482,
    "image": "profiles/demo_ai/variants/carlos_soler_49_extra_3.png",
    "created_at": "2026-06-23T04:45:16.122Z"
  }
},
{
  "model": "accounts.profilephoto",
  "pk": 1309,
  "fields": {
    "profile": 483,
    "image": "profiles/demo_ai/variants/dani_molina_50_extra_1.png",
    "created_at": "2026-06-23T04:45:16.889Z"
  }
},
{
  "model": "accounts.profilephoto",
  "pk": 1310,
  "fields": {
    "profile": 483,
    "image": "profiles/demo_ai/variants/dani_molina_50_extra_2.png",
    "created_at": "2026-06-23T04:45:17.123Z"
  }
},
{
  "model": "accounts.profilephoto",
  "pk": 1311,
  "fields": {
    "profile": 483,
    "image": "profiles/demo_ai/variants/dani_molina_50_extra_3.png",
    "created_at": "2026-06-23T04:45:17.390Z"
  }
},
{
  "model": "accounts.profilephoto",
  "pk": 1312,
  "fields": {
    "profile": 484,
    "image": "profiles/demo_ai/variants/sergio_santos_51_extra_1.png",
    "created_at": "2026-06-23T04:45:18.079Z"
  }
},
{
  "model": "accounts.profilephoto",
  "pk": 1313,
  "fields": {
    "profile": 484,
    "image": "profiles/demo_ai/variants/sergio_santos_51_extra_2.png",
    "created_at": "2026-06-23T04:45:18.331Z"
  }
},
{
  "model": "accounts.profilephoto",
  "pk": 1314,
  "fields": {
    "profile": 484,
    "image": "profiles/demo_ai/variants/sergio_santos_51_extra_3.png",
    "created_at": "2026-06-23T04:45:18.589Z"
  }
},
{
  "model": "accounts.profilephoto",
  "pk": 1315,
  "fields": {
    "profile": 485,
    "image": "profiles/demo_ai/variants/iker_rey_52_extra_1.png",
    "created_at": "2026-06-23T04:45:19.267Z"
  }
},
{
  "model": "accounts.profilephoto",
  "pk": 1316,
  "fields": {
    "profile": 485,
    "image": "profiles/demo_ai/variants/iker_rey_52_extra_2.png",
    "created_at": "2026-06-23T04:45:19.514Z"
  }
},
{
  "model": "accounts.profilephoto",
  "pk": 1317,
  "fields": {
    "profile": 485,
    "image": "profiles/demo_ai/variants/iker_rey_52_extra_3.png",
    "created_at": "2026-06-23T04:45:19.751Z"
  }
},
{
  "model": "accounts.profilephoto",
  "pk": 1318,
  "fields": {
    "profile": 486,
    "image": "profiles/demo_ai/variants/hugo_gil_53_extra_1.png",
    "created_at": "2026-06-23T04:45:20.457Z"
  }
},
{
  "model": "accounts.profilephoto",
  "pk": 1319,
  "fields": {
    "profile": 486,
    "image": "profiles/demo_ai/variants/hugo_gil_53_extra_2.png",
    "created_at": "2026-06-23T04:45:20.687Z"
  }
},
{
  "model": "accounts.profilephoto",
  "pk": 1320,
  "fields": {
    "profile": 486,
    "image": "profiles/demo_ai/variants/hugo_gil_53_extra_3.png",
    "created_at": "2026-06-23T04:45:20.908Z"
  }
},
{
  "model": "accounts.profilephoto",
  "pk": 1321,
  "fields": {
    "profile": 487,
    "image": "profiles/demo_ai/variants/mario_marin_54_extra_1.png",
    "created_at": "2026-06-23T04:45:21.599Z"
  }
},
{
  "model": "accounts.profilephoto",
  "pk": 1322,
  "fields": {
    "profile": 487,
    "image": "profiles/demo_ai/variants/mario_marin_54_extra_2.png",
    "created_at": "2026-06-23T04:45:21.834Z"
  }
},
{
  "model": "accounts.profilephoto",
  "pk": 1323,
  "fields": {
    "profile": 487,
    "image": "profiles/demo_ai/variants/mario_marin_54_extra_3.png",
    "created_at": "2026-06-23T04:45:22.038Z"
  }
},
{
  "model": "accounts.profilephoto",
  "pk": 1324,
  "fields": {
    "profile": 488,
    "image": "profiles/demo_ai/variants/adrian_navas_55_extra_1.png",
    "created_at": "2026-06-23T04:45:22.742Z"
  }
},
{
  "model": "accounts.profilephoto",
  "pk": 1325,
  "fields": {
    "profile": 488,
    "image": "profiles/demo_ai/variants/adrian_navas_55_extra_2.png",
    "created_at": "2026-06-23T04:45:22.977Z"
  }
},
{
  "model": "accounts.profilephoto",
  "pk": 1326,
  "fields": {
    "profile": 488,
    "image": "profiles/demo_ai/variants/adrian_navas_55_extra_3.png",
    "created_at": "2026-06-23T04:45:23.213Z"
  }
},
{
  "model": "accounts.profilephoto",
  "pk": 1327,
  "fields": {
    "profile": 489,
    "image": "profiles/demo_ai/variants/javi_herrera_56_extra_1.png",
    "created_at": "2026-06-23T04:45:23.910Z"
  }
},
{
  "model": "accounts.profilephoto",
  "pk": 1328,
  "fields": {
    "profile": 489,
    "image": "profiles/demo_ai/variants/javi_herrera_56_extra_2.png",
    "created_at": "2026-06-23T04:45:24.129Z"
  }
},
{
  "model": "accounts.profilephoto",
  "pk": 1329,
  "fields": {
    "profile": 489,
    "image": "profiles/demo_ai/variants/javi_herrera_56_extra_3.png",
    "created_at": "2026-06-23T04:45:24.362Z"
  }
},
{
  "model": "accounts.profilephoto",
  "pk": 1330,
  "fields": {
    "profile": 490,
    "image": "profiles/demo_ai/variants/leo_lozano_57_extra_1.png",
    "created_at": "2026-06-23T04:45:25.046Z"
  }
},
{
  "model": "accounts.profilephoto",
  "pk": 1331,
  "fields": {
    "profile": 490,
    "image": "profiles/demo_ai/variants/leo_lozano_57_extra_2.png",
    "created_at": "2026-06-23T04:45:25.275Z"
  }
},
{
  "model": "accounts.profilephoto",
  "pk": 1332,
  "fields": {
    "profile": 490,
    "image": "profiles/demo_ai/variants/leo_lozano_57_extra_3.png",
    "created_at": "2026-06-23T04:45:25.461Z"
  }
},
{
  "model": "accounts.profilephoto",
  "pk": 1333,
  "fields": {
    "profile": 491,
    "image": "profiles/demo_ai/variants/ruben_ortega_58_extra_1.png",
    "created_at": "2026-06-23T04:45:26.186Z"
  }
},
{
  "model": "accounts.profilephoto",
  "pk": 1334,
  "fields": {
    "profile": 491,
    "image": "profiles/demo_ai/variants/ruben_ortega_58_extra_2.png",
    "created_at": "2026-06-23T04:45:26.422Z"
  }
},
{
  "model": "accounts.profilephoto",
  "pk": 1335,
  "fields": {
    "profile": 491,
    "image": "profiles/demo_ai/variants/ruben_ortega_58_extra_3.png",
    "created_at": "2026-06-23T04:45:26.646Z"
  }
},
{
  "model": "accounts.profilephoto",
  "pk": 1336,
  "fields": {
    "profile": 492,
    "image": "profiles/demo_ai/variants/samuel_vidal_59_extra_1.png",
    "created_at": "2026-06-23T04:45:27.365Z"
  }
},
{
  "model": "accounts.profilephoto",
  "pk": 1337,
  "fields": {
    "profile": 492,
    "image": "profiles/demo_ai/variants/samuel_vidal_59_extra_2.png",
    "created_at": "2026-06-23T04:45:27.597Z"
  }
},
{
  "model": "accounts.profilephoto",
  "pk": 1338,
  "fields": {
    "profile": 492,
    "image": "profiles/demo_ai/variants/samuel_vidal_59_extra_3.png",
    "created_at": "2026-06-23T04:45:27.831Z"
  }
},
{
  "model": "accounts.profilephoto",
  "pk": 1339,
  "fields": {
    "profile": 493,
    "image": "profiles/demo_ai/variants/bruno_ruiz_60_extra_1.png",
    "created_at": "2026-06-23T04:45:28.548Z"
  }
},
{
  "model": "accounts.profilephoto",
  "pk": 1340,
  "fields": {
    "profile": 493,
    "image": "profiles/demo_ai/variants/bruno_ruiz_60_extra_2.png",
    "created_at": "2026-06-23T04:45:28.798Z"
  }
},
{
  "model": "accounts.profilephoto",
  "pk": 1341,
  "fields": {
    "profile": 493,
    "image": "profiles/demo_ai/variants/bruno_ruiz_60_extra_3.png",
    "created_at": "2026-06-23T04:45:29.072Z"
  }
},
{
  "model": "accounts.profilephoto",
  "pk": 1342,
  "fields": {
    "profile": 494,
    "image": "profiles/demo_ai/variants/pablo_leon_61_extra_1.png",
    "created_at": "2026-06-23T04:45:29.750Z"
  }
},
{
  "model": "accounts.profilephoto",
  "pk": 1343,
  "fields": {
    "profile": 494,
    "image": "profiles/demo_ai/variants/pablo_leon_61_extra_2.png",
    "created_at": "2026-06-23T04:45:29.965Z"
  }
},
{
  "model": "accounts.profilephoto",
  "pk": 1344,
  "fields": {
    "profile": 494,
    "image": "profiles/demo_ai/variants/pablo_leon_61_extra_3.png",
    "created_at": "2026-06-23T04:45:30.153Z"
  }
},
{
  "model": "accounts.profilephoto",
  "pk": 1345,
  "fields": {
    "profile": 495,
    "image": "profiles/demo_ai/variants/diego_fuentes_62_extra_1.png",
    "created_at": "2026-06-23T04:45:30.882Z"
  }
},
{
  "model": "accounts.profilephoto",
  "pk": 1346,
  "fields": {
    "profile": 495,
    "image": "profiles/demo_ai/variants/diego_fuentes_62_extra_2.png",
    "created_at": "2026-06-23T04:45:31.126Z"
  }
},
{
  "model": "accounts.profilephoto",
  "pk": 1347,
  "fields": {
    "profile": 495,
    "image": "profiles/demo_ai/variants/diego_fuentes_62_extra_3.png",
    "created_at": "2026-06-23T04:45:31.376Z"
  }
},
{
  "model": "accounts.profilephoto",
  "pk": 1348,
  "fields": {
    "profile": 496,
    "image": "profiles/demo_ai/variants/marcos_prieto_63_extra_1.png",
    "created_at": "2026-06-23T04:45:32.071Z"
  }
},
{
  "model": "accounts.profilephoto",
  "pk": 1349,
  "fields": {
    "profile": 496,
    "image": "profiles/demo_ai/variants/marcos_prieto_63_extra_2.png",
    "created_at": "2026-06-23T04:45:32.298Z"
  }
},
{
  "model": "accounts.profilephoto",
  "pk": 1350,
  "fields": {
    "profile": 496,
    "image": "profiles/demo_ai/variants/marcos_prieto_63_extra_3.png",
    "created_at": "2026-06-23T04:45:32.522Z"
  }
},
{
  "model": "accounts.profilephoto",
  "pk": 1351,
  "fields": {
    "profile": 497,
    "image": "profiles/demo_ai/variants/mateo_ramos_64_extra_1.png",
    "created_at": "2026-06-23T04:45:33.205Z"
  }
},
{
  "model": "accounts.profilephoto",
  "pk": 1352,
  "fields": {
    "profile": 497,
    "image": "profiles/demo_ai/variants/mateo_ramos_64_extra_2.png",
    "created_at": "2026-06-23T04:45:33.435Z"
  }
},
{
  "model": "accounts.profilephoto",
  "pk": 1353,
  "fields": {
    "profile": 497,
    "image": "profiles/demo_ai/variants/mateo_ramos_64_extra_3.png",
    "created_at": "2026-06-23T04:45:33.673Z"
  }
},
{
  "model": "accounts.profilephoto",
  "pk": 1354,
  "fields": {
    "profile": 498,
    "image": "profiles/demo_ai/variants/lucia_iglesias_65_extra_1.png",
    "created_at": "2026-06-23T04:45:34.383Z"
  }
},
{
  "model": "accounts.profilephoto",
  "pk": 1355,
  "fields": {
    "profile": 498,
    "image": "profiles/demo_ai/variants/lucia_iglesias_65_extra_2.png",
    "created_at": "2026-06-23T04:45:34.620Z"
  }
},
{
  "model": "accounts.profilephoto",
  "pk": 1356,
  "fields": {
    "profile": 498,
    "image": "profiles/demo_ai/variants/lucia_iglesias_65_extra_3.png",
    "created_at": "2026-06-23T04:45:34.841Z"
  }
},
{
  "model": "accounts.profilephoto",
  "pk": 1357,
  "fields": {
    "profile": 499,
    "image": "profiles/demo_ai/variants/clara_cortes_66_extra_1.png",
    "created_at": "2026-06-23T04:45:35.541Z"
  }
},
{
  "model": "accounts.profilephoto",
  "pk": 1358,
  "fields": {
    "profile": 499,
    "image": "profiles/demo_ai/variants/clara_cortes_66_extra_2.png",
    "created_at": "2026-06-23T04:45:35.778Z"
  }
},
{
  "model": "accounts.profilephoto",
  "pk": 1359,
  "fields": {
    "profile": 499,
    "image": "profiles/demo_ai/variants/clara_cortes_66_extra_3.png",
    "created_at": "2026-06-23T04:45:35.998Z"
  }
},
{
  "model": "accounts.profilephoto",
  "pk": 1360,
  "fields": {
    "profile": 500,
    "image": "profiles/demo_ai/variants/marta_bravo_67_extra_1.png",
    "created_at": "2026-06-23T04:45:36.739Z"
  }
},
{
  "model": "accounts.profilephoto",
  "pk": 1361,
  "fields": {
    "profile": 500,
    "image": "profiles/demo_ai/variants/marta_bravo_67_extra_2.png",
    "created_at": "2026-06-23T04:45:36.992Z"
  }
},
{
  "model": "accounts.profilephoto",
  "pk": 1362,
  "fields": {
    "profile": 500,
    "image": "profiles/demo_ai/variants/marta_bravo_67_extra_3.png",
    "created_at": "2026-06-23T04:45:37.259Z"
  }
},
{
  "model": "accounts.profilephoto",
  "pk": 1363,
  "fields": {
    "profile": 501,
    "image": "profiles/demo_ai/variants/nerea_vega_68_extra_1.png",
    "created_at": "2026-06-23T04:45:37.940Z"
  }
},
{
  "model": "accounts.profilephoto",
  "pk": 1364,
  "fields": {
    "profile": 501,
    "image": "profiles/demo_ai/variants/nerea_vega_68_extra_2.png",
    "created_at": "2026-06-23T04:45:38.175Z"
  }
},
{
  "model": "accounts.profilephoto",
  "pk": 1365,
  "fields": {
    "profile": 501,
    "image": "profiles/demo_ai/variants/nerea_vega_68_extra_3.png",
    "created_at": "2026-06-23T04:45:38.404Z"
  }
},
{
  "model": "accounts.profilephoto",
  "pk": 1366,
  "fields": {
    "profile": 502,
    "image": "profiles/demo_ai/variants/laura_castro_69_extra_1.png",
    "created_at": "2026-06-23T04:45:39.125Z"
  }
},
{
  "model": "accounts.profilephoto",
  "pk": 1367,
  "fields": {
    "profile": 502,
    "image": "profiles/demo_ai/variants/laura_castro_69_extra_2.png",
    "created_at": "2026-06-23T04:45:39.366Z"
  }
},
{
  "model": "accounts.profilephoto",
  "pk": 1368,
  "fields": {
    "profile": 502,
    "image": "profiles/demo_ai/variants/laura_castro_69_extra_3.png",
    "created_at": "2026-06-23T04:45:39.627Z"
  }
},
{
  "model": "accounts.profilephoto",
  "pk": 1369,
  "fields": {
    "profile": 503,
    "image": "profiles/demo_ai/variants/paula_campos_70_extra_1.png",
    "created_at": "2026-06-23T04:45:40.307Z"
  }
},
{
  "model": "accounts.profilephoto",
  "pk": 1370,
  "fields": {
    "profile": 503,
    "image": "profiles/demo_ai/variants/paula_campos_70_extra_2.png",
    "created_at": "2026-06-23T04:45:40.546Z"
  }
},
{
  "model": "accounts.profilephoto",
  "pk": 1371,
  "fields": {
    "profile": 503,
    "image": "profiles/demo_ai/variants/paula_campos_70_extra_3.png",
    "created_at": "2026-06-23T04:45:40.801Z"
  }
},
{
  "model": "accounts.profilephoto",
  "pk": 1372,
  "fields": {
    "profile": 504,
    "image": "profiles/demo_ai/variants/sara_pardo_71_extra_1.png",
    "created_at": "2026-06-23T04:45:41.513Z"
  }
},
{
  "model": "accounts.profilephoto",
  "pk": 1373,
  "fields": {
    "profile": 504,
    "image": "profiles/demo_ai/variants/sara_pardo_71_extra_2.png",
    "created_at": "2026-06-23T04:45:41.744Z"
  }
},
{
  "model": "accounts.profilephoto",
  "pk": 1374,
  "fields": {
    "profile": 504,
    "image": "profiles/demo_ai/variants/sara_pardo_71_extra_3.png",
    "created_at": "2026-06-23T04:45:41.989Z"
  }
},
{
  "model": "accounts.profilephoto",
  "pk": 1375,
  "fields": {
    "profile": 505,
    "image": "profiles/demo_ai/variants/elena_sanz_72_extra_1.png",
    "created_at": "2026-06-23T04:45:42.695Z"
  }
},
{
  "model": "accounts.profilephoto",
  "pk": 1376,
  "fields": {
    "profile": 505,
    "image": "profiles/demo_ai/variants/elena_sanz_72_extra_2.png",
    "created_at": "2026-06-23T04:45:42.925Z"
  }
},
{
  "model": "accounts.profilephoto",
  "pk": 1377,
  "fields": {
    "profile": 505,
    "image": "profiles/demo_ai/variants/elena_sanz_72_extra_3.png",
    "created_at": "2026-06-23T04:45:43.173Z"
  }
},
{
  "model": "accounts.datingaction",
  "pk": 18,
  "fields": {
    "user": [
      "cristiandg79"
    ],
    "target": [
      "lucia"
    ],
    "action": "pass",
    "created_at": "2026-06-13T19:20:43.007Z"
  }
},
{
  "model": "accounts.datingaction",
  "pk": 32,
  "fields": {
    "user": [
      "RWG"
    ],
    "target": [
      "clara_ortega_34"
    ],
    "action": "like",
    "created_at": "2026-06-23T05:18:30.151Z"
  }
},
{
  "model": "accounts.datingaction",
  "pk": 33,
  "fields": {
    "user": [
      "RWG"
    ],
    "target": [
      "marta_vidal_35"
    ],
    "action": "like",
    "created_at": "2026-06-23T05:18:55.537Z"
  }
},
{
  "model": "accounts.connection",
  "pk": 18,
  "fields": {
    "requester": [
      "elme79"
    ],
    "receiver": [
      "lucia"
    ],
    "status": "pending",
    "message": "",
    "created_at": "2026-06-06T17:31:20.334Z",
    "updated_at": "2026-06-06T17:31:20.334Z"
  }
},
{
  "model": "accounts.connection",
  "pk": 32,
  "fields": {
    "requester": [
      "cristiandg79"
    ],
    "receiver": [
      "elme79"
    ],
    "status": "accepted",
    "message": "",
    "created_at": "2026-06-13T19:21:56.296Z",
    "updated_at": "2026-06-14T17:51:40.432Z"
  }
},
{
  "model": "accounts.connection",
  "pk": 34,
  "fields": {
    "requester": [
      "thetomatopower79"
    ],
    "receiver": [
      "cristiandg79"
    ],
    "status": "accepted",
    "message": "",
    "created_at": "2026-06-16T19:24:15.426Z",
    "updated_at": "2026-06-16T19:28:11.480Z"
  }
},
{
  "model": "accounts.connection",
  "pk": 36,
  "fields": {
    "requester": [
      "RWG"
    ],
    "receiver": [
      "thetomatopower79"
    ],
    "status": "accepted",
    "message": "",
    "created_at": "2026-06-18T18:49:27.581Z",
    "updated_at": "2026-06-18T18:49:58.522Z"
  }
},
{
  "model": "accounts.connection",
  "pk": 49,
  "fields": {
    "requester": [
      "RWG"
    ],
    "receiver": [
      "clara_ortega_34"
    ],
    "status": "pending",
    "message": "",
    "created_at": "2026-06-23T05:18:30.136Z",
    "updated_at": "2026-06-23T05:18:30.136Z"
  }
},
{
  "model": "accounts.connection",
  "pk": 50,
  "fields": {
    "requester": [
      "RWG"
    ],
    "receiver": [
      "marta_vidal_35"
    ],
    "status": "pending",
    "message": "",
    "created_at": "2026-06-23T05:18:55.523Z",
    "updated_at": "2026-06-23T05:18:55.523Z"
  }
},
{
  "model": "accounts.connection",
  "pk": 51,
  "fields": {
    "requester": [
      "cristiandg79"
    ],
    "receiver": [
      "elena_sanz_72"
    ],
    "status": "pending",
    "message": "",
    "created_at": "2026-06-23T08:06:00.088Z",
    "updated_at": "2026-06-23T08:06:00.088Z"
  }
},
{
  "model": "community.group",
  "pk": 15,
  "fields": {
    "name": "Chat: Ansiedad",
    "description": "Chat para compartir experiencias y conversar sobre ansiedad.",
    "country": "ES",
    "city": "",
    "topic": "Situación",
    "privacy": "open",
    "created_by": [
      "cristiandg79"
    ],
    "created_at": "2026-06-13T19:56:27.191Z"
  }
},
{
  "model": "community.group",
  "pk": 16,
  "fields": {
    "name": "Chat: Discapacidad visual",
    "description": "Chat para compartir experiencias y conversar sobre discapacidad visual.",
    "country": "ES",
    "city": "",
    "topic": "Situación",
    "privacy": "open",
    "created_by": [
      "cristiandg79"
    ],
    "created_at": "2026-06-13T22:17:03.822Z"
  }
},
{
  "model": "community.group",
  "pk": 18,
  "fields": {
    "name": "Chat general",
    "description": "Un espacio abierto para hablar, saludar y conocer gente de la comunidad.",
    "country": "ES",
    "city": "",
    "topic": "General",
    "privacy": "open",
    "created_by": [
      "cristiandg79"
    ],
    "created_at": "2026-06-14T17:32:43.817Z"
  }
},
{
  "model": "community.group",
  "pk": 22,
  "fields": {
    "name": "Ansiedad",
    "description": "Grupo para hablar de la ansiedad.",
    "country": "ES",
    "city": "Barcelona",
    "topic": "Ansiedad",
    "privacy": "open",
    "created_by": [
      "elme79"
    ],
    "created_at": "2026-06-14T17:56:42.497Z"
  }
},
{
  "model": "community.group",
  "pk": 29,
  "fields": {
    "name": "Depresión",
    "description": "Grupo para hablar sobre la depresión",
    "country": "ES",
    "city": "Barcelona",
    "topic": "Depresión",
    "privacy": "request",
    "created_by": [
      "elme79"
    ],
    "created_at": "2026-06-14T18:25:12.563Z"
  }
},
{
  "model": "community.groupmembership",
  "pk": 176,
  "fields": {
    "group": 15,
    "user": [
      "cristiandg79"
    ],
    "status": "approved",
    "joined_at": "2026-06-13T19:56:27.207Z"
  }
},
{
  "model": "community.groupmembership",
  "pk": 177,
  "fields": {
    "group": 16,
    "user": [
      "cristiandg79"
    ],
    "status": "approved",
    "joined_at": "2026-06-13T22:17:03.857Z"
  }
},
{
  "model": "community.groupmembership",
  "pk": 178,
  "fields": {
    "group": 18,
    "user": [
      "cristiandg79"
    ],
    "status": "approved",
    "joined_at": "2026-06-14T17:32:43.835Z"
  }
},
{
  "model": "community.groupmembership",
  "pk": 179,
  "fields": {
    "group": 18,
    "user": [
      "elme79"
    ],
    "status": "approved",
    "joined_at": "2026-06-14T17:51:45.564Z"
  }
},
{
  "model": "community.groupmembership",
  "pk": 180,
  "fields": {
    "group": 22,
    "user": [
      "elme79"
    ],
    "status": "moderator",
    "joined_at": "2026-06-14T17:56:42.621Z"
  }
},
{
  "model": "community.groupmembership",
  "pk": 185,
  "fields": {
    "group": 22,
    "user": [
      "cristiandg79"
    ],
    "status": "approved",
    "joined_at": "2026-06-14T18:23:44.017Z"
  }
},
{
  "model": "community.groupmembership",
  "pk": 186,
  "fields": {
    "group": 29,
    "user": [
      "elme79"
    ],
    "status": "moderator",
    "joined_at": "2026-06-14T18:25:12.570Z"
  }
},
{
  "model": "community.groupmembership",
  "pk": 204,
  "fields": {
    "group": 18,
    "user": [
      "thetomatopower79"
    ],
    "status": "approved",
    "joined_at": "2026-06-16T18:28:38.347Z"
  }
},
{
  "model": "community.groupmembership",
  "pk": 205,
  "fields": {
    "group": 22,
    "user": [
      "thetomatopower79"
    ],
    "status": "approved",
    "joined_at": "2026-06-16T18:42:11.677Z"
  }
},
{
  "model": "community.groupmembership",
  "pk": 206,
  "fields": {
    "group": 29,
    "user": [
      "cristiandg79"
    ],
    "status": "moderator",
    "joined_at": "2026-06-22T23:34:27.060Z"
  }
},
{
  "model": "community.groupmembership",
  "pk": 210,
  "fields": {
    "group": 29,
    "user": [
      "RWG"
    ],
    "status": "approved",
    "joined_at": "2026-06-23T05:25:43.071Z"
  }
},
{
  "model": "community.plan",
  "pk": 21,
  "fields": {
    "title": "Tardeo en la Discoteca Barrokos",
    "description": "Ir a tomar algo y luego ir a bailar a la discoteca Barrokos",
    "group": null,
    "country": "ES",
    "city": "Barcelona",
    "place": "C/Aribau 200",
    "starts_at": "2026-06-20T15:00:00Z",
    "capacity": 100,
    "mood": "social",
    "accessibility_info": "",
    "created_by": [
      "elme79"
    ],
    "created_at": "2026-06-14T17:55:03.726Z"
  }
},
{
  "model": "community.plan",
  "pk": 34,
  "fields": {
    "title": "Finde de Casa Rural",
    "description": "Finde de Casa Rural en Lleida",
    "group": null,
    "country": "ES",
    "city": "Solsona",
    "place": "Plaza España",
    "starts_at": "2026-06-24T08:00:00Z",
    "capacity": 8,
    "mood": "calm",
    "accessibility_info": "Transporte cercano!",
    "created_by": [
      "cristiandg79"
    ],
    "created_at": "2026-06-23T00:29:32.992Z"
  }
},
{
  "model": "community.plan",
  "pk": 35,
  "fields": {
    "title": "Tardeo en La Fira",
    "description": "Tardeo en La Fira Casanova",
    "group": 29,
    "country": "ES",
    "city": "Barcelona",
    "place": "C/Casanova 112",
    "starts_at": "2026-06-24T15:00:00Z",
    "capacity": 0,
    "mood": "social",
    "accessibility_info": "",
    "created_by": [
      "cristiandg79"
    ],
    "created_at": "2026-06-23T08:04:52.685Z"
  }
},
{
  "model": "community.planattendance",
  "pk": 144,
  "fields": {
    "plan": 21,
    "user": [
      "elme79"
    ],
    "status": "approved",
    "created_at": "2026-06-14T17:57:49.000Z"
  }
},
{
  "model": "community.planattendance",
  "pk": 151,
  "fields": {
    "plan": 21,
    "user": [
      "cristiandg79"
    ],
    "status": "moderator",
    "created_at": "2026-06-14T18:37:42.679Z"
  }
},
{
  "model": "community.planattendance",
  "pk": 160,
  "fields": {
    "plan": 21,
    "user": [
      "thetomatopower79"
    ],
    "status": "approved",
    "created_at": "2026-06-16T19:33:36.508Z"
  }
},
{
  "model": "community.planattendance",
  "pk": 162,
  "fields": {
    "plan": 34,
    "user": [
      "cristiandg79"
    ],
    "status": "approved",
    "created_at": "2026-06-23T00:29:33.005Z"
  }
},
{
  "model": "community.planattendance",
  "pk": 163,
  "fields": {
    "plan": 35,
    "user": [
      "cristiandg79"
    ],
    "status": "approved",
    "created_at": "2026-06-23T08:04:52.693Z"
  }
},
{
  "model": "messaging.conversation",
  "pk": 1,
  "fields": {
    "group": null,
    "plan": null,
    "created_at": "2026-06-06T17:24:15.626Z",
    "updated_at": "2026-06-06T17:24:15.626Z",
    "participants": []
  }
},
{
  "model": "messaging.conversation",
  "pk": 2,
  "fields": {
    "group": null,
    "plan": null,
    "created_at": "2026-06-06T17:24:15.657Z",
    "updated_at": "2026-06-06T17:24:15.657Z",
    "participants": []
  }
},
{
  "model": "messaging.conversation",
  "pk": 3,
  "fields": {
    "group": null,
    "plan": null,
    "created_at": "2026-06-06T17:24:15.689Z",
    "updated_at": "2026-06-06T17:24:15.689Z",
    "participants": []
  }
},
{
  "model": "messaging.conversation",
  "pk": 4,
  "fields": {
    "group": null,
    "plan": null,
    "created_at": "2026-06-06T17:24:15.720Z",
    "updated_at": "2026-06-06T17:24:15.720Z",
    "participants": []
  }
},
{
  "model": "messaging.conversation",
  "pk": 5,
  "fields": {
    "group": null,
    "plan": null,
    "created_at": "2026-06-06T17:24:15.751Z",
    "updated_at": "2026-06-06T17:24:15.751Z",
    "participants": []
  }
},
{
  "model": "messaging.conversation",
  "pk": 6,
  "fields": {
    "group": null,
    "plan": null,
    "created_at": "2026-06-06T17:24:15.782Z",
    "updated_at": "2026-06-06T17:24:15.782Z",
    "participants": []
  }
},
{
  "model": "messaging.conversation",
  "pk": 7,
  "fields": {
    "group": null,
    "plan": null,
    "created_at": "2026-06-06T17:24:15.830Z",
    "updated_at": "2026-06-06T17:24:15.830Z",
    "participants": []
  }
},
{
  "model": "messaging.conversation",
  "pk": 8,
  "fields": {
    "group": null,
    "plan": null,
    "created_at": "2026-06-06T17:24:15.876Z",
    "updated_at": "2026-06-06T17:24:15.876Z",
    "participants": []
  }
},
{
  "model": "messaging.conversation",
  "pk": 9,
  "fields": {
    "group": null,
    "plan": null,
    "created_at": "2026-06-06T17:24:15.907Z",
    "updated_at": "2026-06-06T17:24:15.907Z",
    "participants": []
  }
},
{
  "model": "messaging.conversation",
  "pk": 10,
  "fields": {
    "group": null,
    "plan": null,
    "created_at": "2026-06-06T17:24:15.927Z",
    "updated_at": "2026-06-06T17:24:15.927Z",
    "participants": []
  }
},
{
  "model": "messaging.conversation",
  "pk": 11,
  "fields": {
    "group": null,
    "plan": null,
    "created_at": "2026-06-06T18:05:28.683Z",
    "updated_at": "2026-06-06T18:08:07.108Z",
    "participants": []
  }
},
{
  "model": "messaging.conversation",
  "pk": 12,
  "fields": {
    "group": null,
    "plan": null,
    "created_at": "2026-06-06T18:19:18.676Z",
    "updated_at": "2026-06-06T18:20:01.203Z",
    "participants": []
  }
},
{
  "model": "messaging.conversation",
  "pk": 13,
  "fields": {
    "group": null,
    "plan": null,
    "created_at": "2026-06-06T18:42:06.895Z",
    "updated_at": "2026-06-06T18:42:06.895Z",
    "participants": []
  }
},
{
  "model": "messaging.conversation",
  "pk": 14,
  "fields": {
    "group": null,
    "plan": null,
    "created_at": "2026-06-06T18:42:10.220Z",
    "updated_at": "2026-06-06T18:58:35.271Z",
    "participants": [
      [
        "elme79"
      ]
    ]
  }
},
{
  "model": "messaging.conversation",
  "pk": 18,
  "fields": {
    "group": null,
    "plan": null,
    "created_at": "2026-06-13T18:09:30.656Z",
    "updated_at": "2026-06-13T18:09:30.656Z",
    "participants": []
  }
},
{
  "model": "messaging.conversation",
  "pk": 19,
  "fields": {
    "group": null,
    "plan": null,
    "created_at": "2026-06-13T18:10:58.253Z",
    "updated_at": "2026-06-13T18:10:58.253Z",
    "participants": []
  }
},
{
  "model": "messaging.conversation",
  "pk": 20,
  "fields": {
    "group": null,
    "plan": null,
    "created_at": "2026-06-13T18:19:57.813Z",
    "updated_at": "2026-06-13T18:19:58.376Z",
    "participants": []
  }
},
{
  "model": "messaging.conversation",
  "pk": 21,
  "fields": {
    "group": null,
    "plan": null,
    "created_at": "2026-06-13T18:23:58.203Z",
    "updated_at": "2026-06-13T18:23:58.203Z",
    "participants": []
  }
},
{
  "model": "messaging.conversation",
  "pk": 22,
  "fields": {
    "group": null,
    "plan": null,
    "created_at": "2026-06-13T18:29:49.686Z",
    "updated_at": "2026-06-13T18:29:49.686Z",
    "participants": []
  }
},
{
  "model": "messaging.conversation",
  "pk": 23,
  "fields": {
    "group": null,
    "plan": null,
    "created_at": "2026-06-13T18:32:36.398Z",
    "updated_at": "2026-06-13T18:32:36.398Z",
    "participants": []
  }
},
{
  "model": "messaging.conversation",
  "pk": 24,
  "fields": {
    "group": null,
    "plan": null,
    "created_at": "2026-06-13T18:37:13.284Z",
    "updated_at": "2026-06-13T18:37:13.284Z",
    "participants": []
  }
},
{
  "model": "messaging.conversation",
  "pk": 25,
  "fields": {
    "group": null,
    "plan": null,
    "created_at": "2026-06-13T18:40:08.477Z",
    "updated_at": "2026-06-13T18:40:08.477Z",
    "participants": []
  }
},
{
  "model": "messaging.conversation",
  "pk": 30,
  "fields": {
    "group": 15,
    "plan": null,
    "created_at": "2026-06-13T22:17:34.487Z",
    "updated_at": "2026-06-13T22:17:49.957Z",
    "participants": [
      [
        "cristiandg79"
      ]
    ]
  }
},
{
  "model": "messaging.conversation",
  "pk": 34,
  "fields": {
    "group": 18,
    "plan": null,
    "created_at": "2026-06-14T17:33:36.017Z",
    "updated_at": "2026-06-23T06:48:23.362Z",
    "participants": [
      [
        "elme79"
      ],
      [
        "cristiandg79"
      ],
      [
        "thetomatopower79"
      ]
    ]
  }
},
{
  "model": "messaging.conversation",
  "pk": 45,
  "fields": {
    "group": 29,
    "plan": null,
    "created_at": "2026-06-14T18:59:01.684Z",
    "updated_at": "2026-06-23T08:04:52.732Z",
    "participants": [
      [
        "elme79"
      ],
      [
        "RWG"
      ],
      [
        "cristiandg79"
      ]
    ]
  }
},
{
  "model": "messaging.conversation",
  "pk": 47,
  "fields": {
    "group": null,
    "plan": 21,
    "created_at": "2026-06-14T19:01:36.958Z",
    "updated_at": "2026-06-18T18:58:16.628Z",
    "participants": [
      [
        "elme79"
      ],
      [
        "cristiandg79"
      ],
      [
        "thetomatopower79"
      ]
    ]
  }
},
{
  "model": "messaging.conversation",
  "pk": 53,
  "fields": {
    "group": 22,
    "plan": null,
    "created_at": "2026-06-16T18:42:11.868Z",
    "updated_at": "2026-06-16T18:42:11.868Z",
    "participants": [
      [
        "elme79"
      ],
      [
        "cristiandg79"
      ],
      [
        "thetomatopower79"
      ]
    ]
  }
},
{
  "model": "messaging.conversation",
  "pk": 54,
  "fields": {
    "group": null,
    "plan": null,
    "created_at": "2026-06-16T19:28:11.497Z",
    "updated_at": "2026-06-16T19:28:11.497Z",
    "participants": [
      [
        "cristiandg79"
      ],
      [
        "thetomatopower79"
      ]
    ]
  }
},
{
  "model": "messaging.conversation",
  "pk": 55,
  "fields": {
    "group": null,
    "plan": null,
    "created_at": "2026-06-18T18:49:58.542Z",
    "updated_at": "2026-06-18T18:49:58.542Z",
    "participants": [
      [
        "RWG"
      ],
      [
        "thetomatopower79"
      ]
    ]
  }
},
{
  "model": "messaging.conversation",
  "pk": 56,
  "fields": {
    "group": null,
    "plan": null,
    "created_at": "2026-06-18T19:10:33.156Z",
    "updated_at": "2026-06-18T19:20:52.558Z",
    "participants": [
      [
        "elme79"
      ],
      [
        "cristiandg79"
      ]
    ]
  }
},
{
  "model": "messaging.conversation",
  "pk": 58,
  "fields": {
    "group": null,
    "plan": 34,
    "created_at": "2026-06-23T00:29:33.020Z",
    "updated_at": "2026-06-23T00:29:33.020Z",
    "participants": [
      [
        "cristiandg79"
      ]
    ]
  }
},
{
  "model": "messaging.conversation",
  "pk": 59,
  "fields": {
    "group": null,
    "plan": null,
    "created_at": "2026-06-23T01:02:35.293Z",
    "updated_at": "2026-06-23T01:02:35.293Z",
    "participants": [
      [
        "RWG"
      ],
      [
        "cristiandg79"
      ]
    ]
  }
},
{
  "model": "messaging.conversation",
  "pk": 60,
  "fields": {
    "group": null,
    "plan": 35,
    "created_at": "2026-06-23T08:04:52.700Z",
    "updated_at": "2026-06-23T08:04:52.700Z",
    "participants": [
      [
        "cristiandg79"
      ]
    ]
  }
},
{
  "model": "messaging.conversation",
  "pk": 62,
  "fields": {
    "group": null,
    "plan": null,
    "created_at": "2026-06-23T12:19:40.853Z",
    "updated_at": "2026-06-23T12:19:40.853Z",
    "participants": []
  }
},
{
  "model": "messaging.conversation",
  "pk": 65,
  "fields": {
    "group": null,
    "plan": null,
    "created_at": "2026-06-23T12:21:51.895Z",
    "updated_at": "2026-06-23T12:21:51.895Z",
    "participants": []
  }
},
{
  "model": "messaging.message",
  "pk": 27,
  "fields": {
    "conversation": 14,
    "sender": [
      "elme79"
    ],
    "body": "hola",
    "image": "",
    "created_at": "2026-06-06T18:42:38.543Z",
    "edited_at": null,
    "read_at": "2026-06-23T06:32:28.973Z"
  }
},
{
  "model": "messaging.message",
  "pk": 28,
  "fields": {
    "conversation": 14,
    "sender": [
      "elme79"
    ],
    "body": "que tal",
    "image": "",
    "created_at": "2026-06-06T18:43:25.558Z",
    "edited_at": null,
    "read_at": "2026-06-23T06:32:28.973Z"
  }
},
{
  "model": "messaging.message",
  "pk": 30,
  "fields": {
    "conversation": 14,
    "sender": [
      "elme79"
    ],
    "body": "oyeeeee",
    "image": "",
    "created_at": "2026-06-06T18:49:34.197Z",
    "edited_at": null,
    "read_at": "2026-06-23T06:32:28.973Z"
  }
},
{
  "model": "messaging.message",
  "pk": 32,
  "fields": {
    "conversation": 14,
    "sender": [
      "elme79"
    ],
    "body": "de que equipo eres?",
    "image": "",
    "created_at": "2026-06-06T18:58:35.265Z",
    "edited_at": null,
    "read_at": "2026-06-23T06:32:28.973Z"
  }
},
{
  "model": "messaging.message",
  "pk": 54,
  "fields": {
    "conversation": 30,
    "sender": [
      "cristiandg79"
    ],
    "body": "Hola!",
    "image": "",
    "created_at": "2026-06-13T22:17:49.951Z",
    "edited_at": null,
    "read_at": null
  }
},
{
  "model": "messaging.message",
  "pk": 58,
  "fields": {
    "conversation": 34,
    "sender": [
      "cristiandg79"
    ],
    "body": "Hola!!!",
    "image": "",
    "created_at": "2026-06-14T17:33:47.973Z",
    "edited_at": null,
    "read_at": "2026-06-14T17:51:45.664Z"
  }
},
{
  "model": "messaging.message",
  "pk": 62,
  "fields": {
    "conversation": 34,
    "sender": [
      "cristiandg79"
    ],
    "body": "😀😀😀",
    "image": "",
    "created_at": "2026-06-14T17:47:38.706Z",
    "edited_at": null,
    "read_at": "2026-06-14T17:51:45.664Z"
  }
},
{
  "model": "messaging.message",
  "pk": 64,
  "fields": {
    "conversation": 34,
    "sender": [
      "elme79"
    ],
    "body": "Hola peñita!!!😁",
    "image": "",
    "created_at": "2026-06-14T17:52:11.783Z",
    "edited_at": null,
    "read_at": "2026-06-14T17:52:11.900Z"
  }
},
{
  "model": "messaging.message",
  "pk": 66,
  "fields": {
    "conversation": 47,
    "sender": [
      "thetomatopower79"
    ],
    "body": "Hola gente!!!",
    "image": "",
    "created_at": "2026-06-18T18:58:16.622Z",
    "edited_at": null,
    "read_at": "2026-06-18T18:58:50.509Z"
  }
},
{
  "model": "messaging.message",
  "pk": 69,
  "fields": {
    "conversation": 56,
    "sender": [
      "elme79"
    ],
    "body": "😀😀😀",
    "image": "",
    "created_at": "2026-06-18T19:11:25.031Z",
    "edited_at": null,
    "read_at": "2026-06-18T19:16:37.527Z"
  }
},
{
  "model": "messaging.message",
  "pk": 71,
  "fields": {
    "conversation": 56,
    "sender": [
      "cristiandg79"
    ],
    "body": "Qué pasa neeennnnnnnnnnnn",
    "image": "",
    "created_at": "2026-06-18T19:18:46.038Z",
    "edited_at": null,
    "read_at": "2026-06-18T19:20:42.259Z"
  }
},
{
  "model": "messaging.message",
  "pk": 72,
  "fields": {
    "conversation": 34,
    "sender": [
      "elme79"
    ],
    "body": "Cómo estamos?",
    "image": "",
    "created_at": "2026-06-23T05:56:11.067Z",
    "edited_at": null,
    "read_at": "2026-06-23T06:20:14.226Z"
  }
},
{
  "model": "messaging.message",
  "pk": 73,
  "fields": {
    "conversation": 34,
    "sender": [
      "elme79"
    ],
    "body": "zzzzzzzzzzzzzzzzzzzzzzzzzzzzzzzzzzzzzzzzzzzzzzzzzzzzzzzzzzzzzzzzzzzzzzzzzzzzzzzzzzzzzzzzzzzzzzzzzzzzzzzzzzzzzzzzzzzzzzzzzzzzzzzzzzzzzzzzzzzzzzzzzzzzzzzzzzzzzzzzzzzzzzzzzzzzzzzzzzzzzzzzzzzzzzzzzzzzzzzzzzzzzzzzzzzzzzzzzzzzzzzzzzzzzzzzzzzzzzzzzzzzzzzzzzzzzzzzzzzzzzzzzzzzzzzzzzzzzzzzzzzzzzzzzzzzzzzzzzzzzzzzzzzzzzzzzzzzzzzzzzzzzzzzzzzzzzzzzzzzzzzzzzzzzzzzzzzzzzzzzzzzzzzzzzzzzzzzzzzzzzzzzzzzzzzzzzzzzzzzzzzzzzzzzzzzzzzzzzzzzzzzzzzzzzzzzzzzzzzzzzzzzzzzzzzzzz",
    "image": "",
    "created_at": "2026-06-23T05:56:46.687Z",
    "edited_at": null,
    "read_at": "2026-06-23T06:20:14.226Z"
  }
},
{
  "model": "messaging.message",
  "pk": 74,
  "fields": {
    "conversation": 34,
    "sender": [
      "elme79"
    ],
    "body": "rrrrrrrrrrrrrrrrrrrrrrrrrrrrrrrrrrrrrrrrrrrr😐",
    "image": "",
    "created_at": "2026-06-23T06:04:48.376Z",
    "edited_at": null,
    "read_at": "2026-06-23T06:20:14.226Z"
  }
},
{
  "model": "messaging.message",
  "pk": 75,
  "fields": {
    "conversation": 34,
    "sender": [
      "cristiandg79"
    ],
    "body": "Capullo!!!😜",
    "image": "",
    "created_at": "2026-06-23T06:24:44.936Z",
    "edited_at": null,
    "read_at": null
  }
},
{
  "model": "messaging.message",
  "pk": 76,
  "fields": {
    "conversation": 34,
    "sender": [
      "cristiandg79"
    ],
    "body": "Roqueta!!!",
    "image": "",
    "created_at": "2026-06-23T06:25:48.883Z",
    "edited_at": null,
    "read_at": null
  }
},
{
  "model": "messaging.message",
  "pk": 77,
  "fields": {
    "conversation": 34,
    "sender": [
      "cristiandg79"
    ],
    "body": "Hola😄",
    "image": "",
    "created_at": "2026-06-23T06:48:23.352Z",
    "edited_at": null,
    "read_at": null
  }
},
{
  "model": "messaging.message",
  "pk": 78,
  "fields": {
    "conversation": 45,
    "sender": [
      "cristiandg79"
    ],
    "body": "Nuevo plan de grupo: Tardeo en La Fira\nhttp://10.182.22.38:8000/comunidad/planes/35/",
    "image": "",
    "created_at": "2026-06-23T08:04:52.729Z",
    "edited_at": null,
    "read_at": "2026-06-23T12:11:51.146Z"
  }
},
{
  "model": "messaging.panelnotification",
  "pk": 3,
  "fields": {
    "user": [
      "cristiandg79"
    ],
    "title": "Solicitud de plan aceptada",
    "body": "Te han aceptado en el plan Tardeo en la Discoteca Barrokos.",
    "url": "/comunidad/planes/21/",
    "is_read": true,
    "created_at": "2026-06-14T18:38:02.541Z"
  }
},
{
  "model": "messaging.panelnotification",
  "pk": 6,
  "fields": {
    "user": [
      "thetomatopower79"
    ],
    "title": "Solicitud de plan aceptada",
    "body": "Te han aceptado en el plan Tardeo en la Discoteca Barrokos.",
    "url": "/comunidad/planes/21/",
    "is_read": true,
    "created_at": "2026-06-16T19:34:40.745Z"
  }
},
{
  "model": "messaging.panelnotification",
  "pk": 7,
  "fields": {
    "user": [
      "RWG"
    ],
    "title": "Solicitud aceptada",
    "body": "thetomatopower79 ha aceptado tu solicitud para conectar.",
    "url": "/perfil/thetomatopower79/",
    "is_read": true,
    "created_at": "2026-06-18T18:49:58.559Z"
  }
},
{
  "model": "messaging.panelnotification",
  "pk": 8,
  "fields": {
    "user": [
      "cristiandg79"
    ],
    "title": "Ahora eres moderador",
    "body": "Te han cambiado a moderador del grupo Depresión.",
    "url": "/comunidad/grupos/29/",
    "is_read": true,
    "created_at": "2026-06-22T23:28:40.634Z"
  }
},
{
  "model": "messaging.panelnotification",
  "pk": 9,
  "fields": {
    "user": [
      "cristiandg79"
    ],
    "title": "Has salido de un grupo",
    "body": "Un moderador te ha eliminado del grupo Depresión.",
    "url": "/comunidad/grupos/29/",
    "is_read": true,
    "created_at": "2026-06-22T23:30:56.186Z"
  }
},
{
  "model": "messaging.panelnotification",
  "pk": 10,
  "fields": {
    "user": [
      "cristiandg79"
    ],
    "title": "Solicitud de grupo aceptada",
    "body": "Te han aceptado en el grupo Depresión.",
    "url": "/comunidad/grupos/29/",
    "is_read": true,
    "created_at": "2026-06-22T23:36:43.526Z"
  }
},
{
  "model": "messaging.panelnotification",
  "pk": 11,
  "fields": {
    "user": [
      "cristiandg79"
    ],
    "title": "Ahora eres moderador",
    "body": "Te han cambiado a moderador del grupo Depresión.",
    "url": "/comunidad/grupos/29/",
    "is_read": true,
    "created_at": "2026-06-22T23:36:51.847Z"
  }
},
{
  "model": "messaging.panelnotification",
  "pk": 12,
  "fields": {
    "user": [
      "cristiandg79"
    ],
    "title": "Ahora eres moderador",
    "body": "Te han cambiado a moderador del plan Tardeo en la Discoteca Barrokos.",
    "url": "/comunidad/planes/21/",
    "is_read": true,
    "created_at": "2026-06-22T23:44:22.475Z"
  }
},
{
  "model": "messaging.panelnotification",
  "pk": 13,
  "fields": {
    "user": [
      "cristiandg79"
    ],
    "title": "Solicitud aceptada",
    "body": "RWG ha aceptado tu solicitud para conectar.",
    "url": "/perfil/RWG/",
    "is_read": true,
    "created_at": "2026-06-23T01:02:35.310Z"
  }
},
{
  "model": "messaging.panelnotification",
  "pk": 14,
  "fields": {
    "user": [
      "RWG"
    ],
    "title": "Solicitud de grupo aceptada",
    "body": "Te han aceptado en el grupo Depresión.",
    "url": "/comunidad/grupos/29/",
    "is_read": false,
    "created_at": "2026-06-23T05:26:26.591Z"
  }
},
{
  "model": "messaging.panelnotification",
  "pk": 15,
  "fields": {
    "user": [
      "elme79"
    ],
    "title": "Nuevo plan de grupo",
    "body": "cristiandg79 ha creado el plan Tardeo en La Fira en Depresión.",
    "url": "/comunidad/planes/35/",
    "is_read": true,
    "created_at": "2026-06-23T08:04:52.739Z"
  }
},
{
  "model": "messaging.panelnotification",
  "pk": 16,
  "fields": {
    "user": [
      "RWG"
    ],
    "title": "Nuevo plan de grupo",
    "body": "cristiandg79 ha creado el plan Tardeo en La Fira en Depresión.",
    "url": "/comunidad/planes/35/",
    "is_read": false,
    "created_at": "2026-06-23T08:04:52.746Z"
  }
},
{
  "model": "publications.publication",
  "pk": 2,
  "fields": {
    "author": [
      "cristiandg79"
    ],
    "message": "Hola guapos!!!",
    "link_url": "",
    "link_title": "",
    "link_description": "",
    "link_image_url": "",
    "group": null,
    "plan": null,
    "created_at": "2026-06-23T00:23:16.847Z"
  }
},
{
  "model": "publications.publication",
  "pk": 3,
  "fields": {
    "author": [
      "cristiandg79"
    ],
    "message": "Dinder Club",
    "link_url": "https://www.dinderclub.es/",
    "link_title": "",
    "link_description": "",
    "link_image_url": "",
    "group": null,
    "plan": null,
    "created_at": "2026-06-23T00:24:20.812Z"
  }
},
{
  "model": "publications.publication",
  "pk": 6,
  "fields": {
    "author": [
      "cristiandg79"
    ],
    "message": "cristiandg79 ha creado un nuevo plan publico: Finde de Casa Rural.\nFinde de Casa Rural en Lleida",
    "link_url": "http://127.0.0.1:8000/comunidad/planes/34/",
    "link_title": "",
    "link_description": "",
    "link_image_url": "",
    "group": null,
    "plan": 34,
    "created_at": "2026-06-23T00:29:33.044Z"
  }
},
{
  "model": "publications.publication",
  "pk": 7,
  "fields": {
    "author": [
      "elme79"
    ],
    "message": "football-graph.com",
    "link_url": "https://football-graph.com/",
    "link_title": "",
    "link_description": "",
    "link_image_url": "",
    "group": null,
    "plan": null,
    "created_at": "2026-06-23T00:55:55.190Z"
  }
},
{
  "model": "publications.publication",
  "pk": 9,
  "fields": {
    "author": [
      "RWG"
    ],
    "message": "https://football-graph.com/",
    "link_url": "https://football-graph.com/",
    "link_title": "Football player ratings & form heatmaps | FootballGraph",
    "link_description": "Latest player ratings across LaLiga, Premier League, Bundesliga, Serie A, Ligue 1 and Primeira Liga. Fast form heatmaps and rankings by league and team.",
    "link_image_url": "",
    "group": null,
    "plan": null,
    "created_at": "2026-06-23T05:15:44.067Z"
  }
},
{
  "model": "publications.publication",
  "pk": 10,
  "fields": {
    "author": [
      "RWG"
    ],
    "message": "https://football-graph.com/",
    "link_url": "https://football-graph.com/",
    "link_title": "Football player ratings & form heatmaps | FootballGraph",
    "link_description": "Latest player ratings across LaLiga, Premier League, Bundesliga, Serie A, Ligue 1 and Primeira Liga. Fast form heatmaps and rankings by league and team.",
    "link_image_url": "",
    "group": null,
    "plan": null,
    "created_at": "2026-06-23T05:16:07.643Z"
  }
},
{
  "model": "publications.publication",
  "pk": 11,
  "fields": {
    "author": [
      "cristiandg79"
    ],
    "message": "Hola compadres!!!",
    "link_url": "",
    "link_title": "",
    "link_description": "",
    "link_image_url": "",
    "group": null,
    "plan": null,
    "created_at": "2026-06-23T08:06:46.784Z"
  }
},
{
  "model": "publications.publicationphoto",
  "pk": 1,
  "fields": {
    "publication": 3,
    "image": "publications/2016-04-10_20.11.41_BN.jpg",
    "created_at": "2026-06-23T00:24:20.826Z"
  }
},
{
  "model": "publications.publicationphoto",
  "pk": 2,
  "fields": {
    "publication": 10,
    "image": "publications/n1003580669_30188157_2513.jpg",
    "created_at": "2026-06-23T05:16:07.662Z"
  }
}
]
